   ,ID,SPNAME,COLLID,OCCUR,CP_CPU_SU,CPU_TIME,ELAPS_TIME,LOCK_LATCH,SQL_STMT_AVG,SQL_STMT_TOTAL,SUSPEND,SYNCIO,TOTAL_SUSPENSIONS_AVG,LOCK_REQUEST_AVG,GETPAGES_AVG,SYNCH_READ_AVG,SELECT_AVG,INSERT_AVG,UPDATE_AVG,DELETE_AVG,   
1,145237,sp1,CORPK024,1,623700,22.843015,27.699435,0.005837,2948,2948,1.020648,0.093256,1,646,2147673,13,1842,731,0,0,   
2,145086,sp2,CORPK021,8,164813.63,6.036317,41.229248,0.010943,41.13,329,35.221686,1.755434,0,38,1042492,1198,25,3,0,0,   
3,144906,sp3,CORPK020,51,48657.88,1.782113,1.804093,0.000568,28.33,1445,0.003786,0.000376,0,39,407603,0,9,3,0,0,   
4,145063,sp4,CORPK021,7739,48547.32,1.778064,3.319031,0.050619,7,54187,1.343613,0.00538,0,8,163212,7,3,1,1,1,   
5,144384,sp5,CORPK008,2,18335,0.671542,5.560945,0.028256,6557,13114,4.883919,1.904859,182,6584,49507,568,3286,338,695,0,   
6,146321,sp6,CORPK041,13,17883.54,0.655007,3.382614,0.008314,1901.46,24719,2.68874,2.258148,41,1434,11058,753,1035,59,117,0,   
7,148235,sp7,CORPK140,10,13298.4,0.487072,1.11962,0.005625,23.2,232,0.579333,0.3125,45,22452,71539,422,5,1,1,3,   
8,146598,sp8,CORPK047,3,7037,0.257758,0.368387,0.000522,10,30,0.100354,0,0,20,15486,0,5,2,0,0,   
9,146599,sp9,CORPK047,370,6915.68,0.253305,0.398563,0.001259,9.83,3636,0.108595,0.003354,0,19,14367,0,4,1,0,0,   
10,144050,sp10,CORPK004,43,6902.02,0.252802,0.4485,0.001165,39.16,1684,0.193553,0.025293,0,31,51949,30,29,2,3,0,   
11,147830,sp11,CORPK132,3,5019,0.183836,1.076971,0.001821,32,96,0.882907,0.018359,1,16,25736,27,16,1,0,0,   
12,144909,sp12,CORPK020,14,4953.07,0.181424,0.956782,0.014696,113.21,1585,0.761426,0.354224,1,116,10289,229,78,5,2,0,   
13,145084,sp13,CORPK021,7,4890.29,0.17913,0.485041,0.001311,42.43,297,0.29207,0.004058,0,40,45701,6,32,3,0,0,   
14,144910,sp14,CORPK020,1,4587,0.168034,0.772458,0.004728,161,161,0.605884,0.193584,3,196,8306,85,109,10,4,0,   
15,144911,sp15,CORPK020,17,4306.35,0.157737,0.750936,0.006986,113.12,1923,0.574784,0.111569,2,117,7420,61,83,2,3,0,   
16,143980,sp16,CORPK003,29,4019.55,0.147234,0.700877,0.001888,12.76,370,0.553456,0.492504,0,26,9972,535,5,0,0,0,   
17,143986,sp17,CORPK003,2,2935.5,0.107522,0.632363,0.003523,31,62,0.524391,0.104877,1,21,11731,46,12,1,0,0,   
18,144800,sp18,CORPK019,24,2698.46,0.098852,0.112539,0.000313,10,240,0.006351,0.00001,0,11,10927,0,5,1,1,0,   
19,148242,sp19,CORPK140,38,2603.11,0.095361,0.195739,0.000329,12.89,490,0.096166,0.009768,0,7,8642,10,6,1,0,0,   
20,145191,sp20,CORPK023,8,2511.5,0.092005,0.171515,0.004058,29,232,0.063164,0.003086,0,22,16021,0,11,2,1,0,   
21,144468,sp21,CORPK009,1618,2431.88,0.089086,0.498152,0.000573,26.13,42277,0.408116,0.000383,0,10,7713,0,12,0,0,0,   
22,148238,sp22,CORPK140,1,2431,0.089047,0.336838,0.001655,25,25,0.245489,0.103915,1,23,1508,76,16,1,0,0,   
23,146388,sp23,CORPK042,46,1783.8,0.065347,0.087305,0.001934,91.11,4191,0.01703,0.007536,1,43,3536,2,30,0,0,0,   
24,144198,sp24,CORPK006,98,1732.15,0.063458,0.310626,0.001067,8.57,840,0.245834,0.007261,0,13,9711,3,3,0,0,0,   
25,148097,sp25,CORPK136,28,1725.68,0.06322,0.11278,0.023736,36.89,1033,0.035132,0.004994,1,35,10555,6,19,0,0,0,   
26,145282,sp26,CORPK024,5,1718.2,0.062945,0.120419,0.001126,26.6,133,0.055488,0.041541,0,51,11331,9,19,3,0,0,   
27,147273,sp27,CORPK111,78,1699.23,0.062254,0.074366,0.001103,69.99,5459,0.004726,0.00149,0,38,7888,0,8,1,3,1,   
28,147272,sp28,CORPK111,235,1543.46,0.056547,0.0736,0.002477,69.89,16425,0.009431,0.004987,0,35,7053,1,8,1,3,1,   
29,144773,sp29,CORPK018,28,1502.14,0.055032,0.274391,0.002217,41.43,1160,0.218904,0.192087,0,18,5835,273,29,3,0,0,   
30,143875,sp30,CORPK002,2,1472,0.053924,0.065852,0.002484,19,38,0.005263,0.000258,0,19,6936,0,10,2,2,0,   
31,145872,sp31,CORPK035,160,1451.49,0.05318,0.109334,0.012183,91.44,14631,0.048987,0.025951,1,67,2524,4,39,3,3,0,   
32,144193,sp32,CORPK006,59,1147.9,0.042059,0.078183,0.002598,34.39,2029,0.033081,0.028008,0,31,2518,7,13,3,3,0,   
33,143973,sp33,CORPK003,31,1142.81,0.041874,0.081875,0.002331,36.16,1121,0.03767,0.031406,1,40,5130,11,16,3,2,0,   
34,148096,sp34,CORPK136,6,937.5,0.034353,0.05761,0.005527,45,270,0.019827,0.006384,1,54,5507,2,30,0,0,0,   
35,146298,sp35,CORPK041,24,883.38,0.032374,0.225678,0.000873,241,5784,0.193614,0.113908,8,157,1456,51,71,17,43,0,   
36,145182,sp36,CORPK023,23,820.39,0.030062,0.128455,0.002463,663.52,15261,0.097743,0.076734,0,180,4180,20,495,19,5,0,   
37,147865,sp37,CORPK132,2,754.5,0.027662,0.116287,0.00019,76,152,0.088648,0.034496,0,69,940,7,27,1,6,0,   
38,146918,sp38,CORPK104,1,750,0.02747,0.118193,0.000067,17,17,0.088879,0.02765,1,20,1129,5,11,2,0,0,   
39,148095,sp39,CORPK136,8,747.88,0.027408,0.203098,0.001147,27.88,223,0.177148,0.15644,0,30,3134,106,15,0,0,0,   
40,148249,sp40,CORPK140,1,745,0.027302,0.034711,0,2,2,0.006812,0.00563,0,4,2507,1,1,1,0,0,   
41,146862,sp41,CORPK102,14,733.79,0.02689,0.037623,0.000571,18.36,257,0.009958,0.008353,0,26,1148,1,10,2,0,0,   
42,144814,sp42,CORPK020,2,682.5,0.025019,0.121812,0.000024,9,18,0.097344,0.079062,0,28,2070,49,4,1,1,0,   
43,148416,sp43,CORPK146,1,655,0.023993,0.21296,0.009086,107,107,0.189572,0.164544,4,97,450,30,49,6,2,0,   
44,146320,sp44,CORPK041,97,646.87,0.023709,0.350006,0.001457,257.1,24939,0.327176,0.264966,10,214,970,61,88,38,2,0,   
45,146294,sp45,CORPK041,14,630.93,0.023128,0.082664,0.002223,723.14,10124,0.058326,0.016028,9,335,1324,13,611,0,54,0,   
46,147842,sp46,CORPK132,17,630.35,0.023101,0.048779,0.000209,22.71,386,0.024244,0.002029,0,6,678,0,5,0,0,0,   
47,144603,sp47,CORPK016,432,612.22,0.022442,0.087282,0.00036,10,4320,0.063445,0.001993,0,14,7009,2,5,2,0,0,   
48,146306,sp48,CORPK041,2581,592.27,0.02171,0.080873,0.006957,257.64,664972,0.058007,0.03869,2,113,990,11,88,29,2,0,   
49,148098,sp49,CORPK136,2,575.5,0.021107,0.076558,0.001434,48,96,0.055269,0.02749,2,50,2751,5,27,2,1,0,   
50,146297,sp50,CORPK041,714,574.24,0.021049,0.08558,0.004413,64.39,45973,0.063874,0.051981,2,52,751,7,35,2,1,0,   
51,145079,sp51,CORPK021,7664,573.68,0.021029,0.03046,0.004347,88.54,678603,0.00722,0.002648,2,60,841,1,56,2,1,0,   
52,146301,sp52,CORPK041,492,571.35,0.020944,0.25032,0.001651,416.77,205050,0.2294,0.224567,1,55,715,47,109,0,30,0,   
53,148028,sp53,CORPK135,2,569.5,0.020868,0.021544,0.000004,23,46,0.000602,0.000599,0,4190,428,1,4,0,1,1,   
54,145064,sp54,CORPK021,7946,568.07,0.020824,0.02835,0.003367,82.21,653214,0.006144,0.001112,3,59,788,0,67,2,0,0,   
55,145067,sp55,CORPK021,113,533.81,0.01957,0.939532,0.000528,4.27,482,0.926183,0.872172,0,4,1023,421,3,0,0,0,   
56,145884,sp56,CORPK035,3,529,0.0194,0.139728,0.00552,132.67,398,0.120137,0.075727,1,102,565,11,38,6,9,0,   
57,148031,sp57,CORPK135,3,520.67,0.019084,0.032894,0.000896,40.33,121,0.013656,0.006383,0,45,1801,2,20,1,1,0,   
58,146608,sp58,CORPK047,148,513.11,0.018811,0.19101,0.003277,82.11,12152,0.17169,0.151981,0,24,677,36,23,4,4,0,   
59,145874,sp59,CORPK035,4,508.25,0.018639,0.072811,0.000888,46,184,0.054203,0.045242,0,47,656,7,21,3,1,0,   
60,148014,sp60,CORPK135,9,504.89,0.018509,0.023413,0.001454,49.33,444,0.004806,0.000219,0,40,2185,0,25,1,1,0,   
61,148030,sp61,CORPK135,1,495,0.01816,0.029122,0.000237,46,46,0.010763,0.006233,0,35,1780,2,18,1,1,0,   
62,146116,sp62,CORPK039,8721,476.45,0.017468,0.022438,0.002031,56.72,494636,0.004265,0.002169,1,22,652,0,37,1,0,0,   
63,145840,sp63,CORPK034,1,475,0.017433,0.232832,0.005982,97,97,0.215733,0.169688,1,81,365,24,33,4,6,0,   
64,146597,sp64,CORPK047,189,464.73,0.017039,0.044286,0.002688,34.19,6462,0.026634,0.022025,1,21,630,4,24,0,0,0,   
65,147861,sp65,CORPK132,12,462.25,0.016948,0.057199,0.004146,76,912,0.039596,0.015875,1,64,1183,6,22,1,5,0,   
66,145841,sp66,CORPK034,1,458,0.016785,0.159855,0.003731,95,95,0.143701,0.124975,0,72,369,31,30,5,4,0,   
67,145363,sp67,CORPK025,8,450.88,0.01653,0.188389,0.00205,21,168,0.172114,0.054645,0,22,989,48,7,1,0,0,   
68,145081,sp68,CORPK021,8,445.5,0.016335,0.021316,0.001266,28.5,228,0.003387,0.000861,1,27,610,1,15,3,0,0,   
69,147857,sp69,CORPK132,16,435.88,0.015985,0.020424,0.000213,11.13,178,0.003706,0.000262,0,14,1331,0,9,1,0,0,   
70,144914,sp70,CORPK020,2,432.5,0.015868,0.094914,0.000073,24,48,0.08006,0.070067,1,27,713,80,17,1,0,0,   
71,147268,sp71,CORPK111,67,407.66,0.014949,0.018832,0.001153,341.21,22861,0.002953,0.000048,0,19,239,0,84,3,0,0,   
72,145455,sp72,CORPK030,150,396.3,0.014532,0.036834,0.004233,42.27,6340,0.021552,0.00307,1,54,366,0,19,0,0,0,   
73,147588,sp73,CORPK118,964,394.9,0.014481,0.028917,0.006139,76.21,73469,0.013912,0.004107,2,64,369,1,46,1,1,0,   
74,143874,sp74,CORPK002,2,394,0.014435,0.026081,0.002061,206,412,0.010633,0.004861,3,32,623,1,115,1,0,0,   
75,147944,sp75,CORPK133,3,380,0.013941,0.050151,0.010358,53.33,160,0.035481,0.020707,1,56,306,7,15,1,3,0,   
76,146419,sp76,CORPK042,1319,375.95,0.013788,0.023198,0.004119,128.04,168885,0.009117,0.001225,3,67,411,0,53,2,0,0,   
77,144716,sp77,CORPK018,2,374.5,0.013734,0.078061,0.000987,74,148,0.064303,0.031603,1,76,440,8,38,4,3,0,   
78,147864,sp78,CORPK132,85,363.41,0.01333,0.03061,0.00412,50.05,4254,0.016319,0.01186,1,42,424,3,21,3,2,0,   
79,148409,sp79,CORPK146,18,354.22,0.012991,0.063047,0.000345,13,234,0.05012,0.022921,0,18,1069,15,7,0,0,0,   
80,145066,sp80,CORPK021,17,337.76,0.012389,0.019361,0.004385,119,2023,0.006726,0.002342,2,79,440,1,77,3,0,0,   
81,147077,sp81,CORPK109,1,328,0.012026,0.270107,0.013259,61,61,0.258559,0.229793,3,115,146,22,7,7,0,0,   
82,145192,sp82,CORPK023,1,326,0.011967,0.112615,0.007689,64,64,0.100923,0.089669,0,54,300,19,14,7,1,0,   
83,145375,sp83,CORPK025,529,323.98,0.011884,0.04261,0.00264,69.05,36529,0.030347,0.013262,1,29,279,4,28,5,0,0,   
84,148248,sp84,CORPK140,2,318,0.01166,0.065178,0.000537,79,158,0.053714,0.04011,0,66,459,14,54,1,0,0,   
85,148023,sp85,CORPK135,4,315.5,0.011577,0.024137,0.0007,29.75,119,0.012322,0.007533,0,33,961,1,17,0,0,0,   
86,147276,sp86,CORPK111,1,310,0.011377,0.132721,0.003322,53,53,0.120968,0.03641,0,35,607,7,8,1,3,1,   
87,147589,sp87,CORPK118,823,304.32,0.011165,0.072588,0.002867,35.27,29025,0.061159,0.056052,1,30,283,10,16,1,0,0,   
88,146846,sp88,CORPK102,7,301.86,0.011073,0.014824,0.000008,6,42,0.003695,0.001524,0,20,1234,0,3,1,1,0,   
89,144718,sp89,CORPK018,2892,294.06,0.010788,0.059444,0.003208,61.26,177157,0.048572,0.026257,1,60,319,7,31,2,1,0,   
90,148410,sp90,CORPK146,19,285.47,0.010472,0.027431,0.012729,76.42,1452,0.016119,0.000095,1,51,659,0,24,0,1,0,   
91,145702,sp91,CORPK033,1,281,0.010324,0.036322,0.004557,83,83,0.024695,0.014552,2,61,247,4,32,3,2,0,   
92,148024,sp92,CORPK135,15,272.8,0.010012,0.013356,0.0005,17.4,261,0.002796,0.000201,0,18,1080,0,4,1,0,0,   
93,147855,sp93,CORPK132,235,271.96,0.009978,0.04362,0.003863,63,14805,0.033468,0.025001,1,57,305,4,22,0,3,0,   
94,144377,sp94,CORPK008,27103,270.9,0.00994,0.03142,0.002278,68.74,1863052,0.02149,0.007825,2,65,328,2,34,4,4,0,   
95,143840,sp95,CORPK002,93,265.72,0.009749,0.038943,0.003523,64.95,6040,0.029006,0.019014,3,58,329,4,41,3,0,0,   
96,145924,sp96,CORPK036,10,264.4,0.009702,0.03619,0.002139,63.5,635,0.026659,0.015206,2,67,330,3,38,5,2,0,   
97,146383,sp97,CORPK041,1,261,0.009592,0.027439,0.000184,48,48,0.018055,0.016048,0,41,205,11,29,1,0,0,   
98,146448,sp98,CORPK043,12,259.5,0.009526,0.030461,0.003472,41.42,497,0.020981,0.007548,1,44,249,3,21,1,1,0,   
99,148254,sp99,CORPK140,4,258.5,0.00949,0.056149,0.016465,621,2484,0.043435,0.003387,1,16,1179,2,484,1,0,0,   
100,148241,sp100,CORPK140,1,258,0.009456,0.085714,0.000083,37,37,0.076436,0.043303,0,35,958,13,26,2,1,0,   
101,144815,sp101,CORPK020,2,257,0.009429,0.039056,0.001033,22.5,45,0.030527,0.023913,0,162,648,62,9,4,3,0,   
102,145873,sp102,CORPK035,24,256.58,0.009416,0.044236,0.007076,66.25,1590,0.034651,0.022186,1,49,271,4,16,3,3,0,   
103,145919,sp103,CORPK036,51,250.61,0.009198,0.041333,0.001947,47.94,2445,0.032172,0.024941,2,64,598,3,37,2,2,0,   
104,146017,sp104,CORPK038,32,249.56,0.009157,0.018288,0.000931,30.22,967,0.008896,0.002318,1,24,309,0,17,1,2,0,   
105,145078,sp105,CORPK021,416,249.25,0.009146,0.016311,0.004504,94.69,39393,0.006894,0.002353,2,57,370,1,63,1,0,0,   
106,148025,sp106,CORPK135,19,247.79,0.009091,0.039231,0.002154,149.63,2843,0.030181,0.016852,0,11,623,11,3,0,0,0,   
107,147943,sp107,CORPK133,1,248,0.009088,0.100656,0.006302,31,31,0.092106,0.079797,0,34,159,12,6,1,2,0,   
108,145088,sp108,CORPK021,16,247.5,0.009079,0.024451,0.002203,45.94,735,0.015241,0.003582,1,50,228,1,27,1,0,0,   
109,144253,sp109,CORPK007,26,247,0.009063,0.01895,0.000618,18.69,486,0.009613,0.001541,0,25,242,0,8,1,1,0,   
110,146447,sp110,CORPK043,8,246.63,0.009052,0.035855,0.003931,46.5,372,0.027114,0.009921,1,44,232,2,23,1,1,0,   
111,148422,sp111,CORPK146,185,245.66,0.009015,0.011108,0.00044,11.55,2136,0.001895,0,0,8,1239,0,3,0,0,0,   
112,146445,sp112,CORPK043,1,246,0.009012,0.061364,0.00793,35,35,0.05231,0.028277,3,51,280,6,20,2,1,0,   
113,148034,sp113,CORPK135,4,242.25,0.008884,0.021081,0.000211,79,316,0.012124,0.005117,1,31,574,3,20,1,0,0,   
114,145089,sp114,CORPK021,6,237.67,0.008719,0.022674,0.000422,70.17,421,0.013952,0.004793,0,66,285,2,32,3,0,0,   
115,144130,sp115,CORPK005,2,237.5,0.008702,0.045189,0.001655,45.5,91,0.036668,0.022485,2,50,258,8,28,4,3,0,   
116,148016,sp116,CORPK135,3,236.67,0.00868,0.024517,0.001375,30,90,0.015875,0.006249,0,39,550,2,8,1,1,0,   
117,146311,sp117,CORPK041,8,236.13,0.008668,0.03796,0.002153,40.25,322,0.0293,0.026972,0,44,205,4,14,1,1,0,   
118,144365,sp118,CORPK008,16,233.81,0.008583,0.051421,0.001978,43,688,0.042874,0.031802,1,67,291,6,26,4,1,0,   
119,144465,sp119,CORPK009,126,232.33,0.008528,0.016378,0.001902,91.61,11543,0.007784,0.002621,2,57,348,1,67,3,4,0,   
120,143699,sp120,CORPK001,2,232.5,0.008523,0.040332,0.002815,48.5,97,0.0319,0.017728,2,74,208,5,26,1,0,0,   
121,145074,sp121,CORPK021,396,231.74,0.008506,0.020674,0.001993,54.16,21447,0.011893,0.001605,1,42,215,0,19,2,2,0,   
122,147852,sp122,CORPK132,32,229.59,0.008428,0.021036,0.00262,35.16,1125,0.012316,0.007029,0,38,298,1,13,1,3,0,   
123,147853,sp123,CORPK132,72,225.78,0.008289,0.018335,0.006465,38.46,2769,0.009762,0.000482,0,43,209,0,12,1,1,0,   
124,144001,sp124,CORPK003,9,224.44,0.008242,0.067476,0.001353,115.33,1038,0.059263,0.050486,1,50,283,6,46,4,2,0,   
125,143713,sp125,CORPK001,70442,223.18,0.008192,0.060916,0.037272,96.17,6774356,0.052745,0.007657,5,79,325,2,64,3,2,0,   
126,147851,sp126,CORPK132,2,223,0.008184,0.089502,0.001987,26,52,0.081338,0.02263,2,45,225,6,17,2,0,1,   
127,145814,sp127,CORPK034,85,222.12,0.008156,0.062153,0.002008,75.31,6401,0.054063,0.043917,1,53,268,8,54,4,2,0,   
128,143698,sp128,CORPK001,54,221.74,0.008139,0.037034,0.002428,41.33,2232,0.028925,0.015782,1,58,250,3,24,3,0,0,   
129,147868,sp129,CORPK132,64,220.92,0.008109,0.01349,0.004349,115.7,7405,0.004804,0.000276,1,31,198,0,15,1,0,0,   
130,145687,sp130,CORPK033,1098,219.97,0.008075,0.036181,0.002322,85.94,94360,0.028063,0.01812,3,56,255,1,38,3,1,0,   
131,148417,sp131,CORPK146,57,218.91,0.008036,0.012385,0.00257,44.58,2541,0.004261,0.000058,1,42,184,0,18,1,0,0,   
132,145927,sp132,CORPK036,2,218,0.008001,0.085634,0.000982,76,152,0.077902,0.064066,0,57,231,17,31,3,2,0,   
133,145811,sp133,CORPK034,245,217.58,0.007987,0.047518,0.002238,52.64,12897,0.039667,0.033133,0,53,267,6,16,5,5,0,   
134,147279,sp134,CORPK111,4021,216.29,0.00794,0.011242,0.001155,43.95,176715,0.003166,0.000379,0,54,316,0,18,0,3,0,   
135,146443,sp135,CORPK043,12,214.75,0.007879,0.026966,0.00177,40.67,488,0.019062,0.009553,1,47,216,2,20,2,1,0,   
136,143704,sp136,CORPK001,211,214.04,0.007858,0.024509,0.002383,42.11,8885,0.016522,0.007417,1,36,212,2,23,2,1,0,   
137,146305,sp137,CORPK041,2161,208.95,0.007671,0.025592,0.002883,50.37,108849,0.01777,0.010742,1,47,233,2,30,0,0,0,   
138,143877,sp138,CORPK002,56,207.41,0.007615,0.022252,0.00174,51.21,2868,0.014559,0.006062,2,50,228,1,31,2,0,0,   
139,143847,sp139,CORPK002,8431,204.03,0.007491,0.031419,0.001952,43.91,370188,0.02393,0.017778,1,44,242,5,20,3,1,0,   
140,146494,sp140,CORPK044,4,204,0.00749,0.015787,0.000215,23,92,0.008232,0.001851,0,24,355,0,2,21,0,0,   
141,146493,sp141,CORPK044,9,202.67,0.007444,0.017962,0.001775,78.33,705,0.010477,0.001835,1,49,296,0,54,19,0,0,   
142,144264,sp142,CORPK007,601,198.66,0.007295,0.019106,0.002389,39.72,23871,0.011751,0.000692,1,60,162,0,25,0,0,0,   
143,143981,sp143,CORPK003,26,198.12,0.007274,0.031778,0.003945,58.12,1511,0.024587,0.013379,2,52,247,4,31,2,1,0,   
144,143984,sp144,CORPK003,2,198,0.007272,0.071014,0.00055,25,50,0.063896,0.050296,1,38,157,12,9,1,0,0,   
145,145379,sp145,CORPK025,20774,197.6,0.007255,0.018686,0.003314,72.89,1514294,0.011114,0.00409,2,38,173,1,25,2,0,0,   
146,146023,sp146,CORPK038,23,196.96,0.007234,0.030391,0.000956,41.35,951,0.023197,0.018937,1,48,266,5,17,2,1,0,   
147,145459,sp147,CORPK030,9,196.89,0.007223,0.054335,0.000234,16,144,0.047303,0.008219,0,13,741,7,4,1,0,0,   
148,144908,sp148,CORPK020,100,196.32,0.007209,0.015188,0.00084,94.09,9409,0.007936,0.003328,1,52,368,1,65,3,2,0,   
149,144373,sp149,CORPK008,15,195.93,0.007192,0.025439,0.001852,47.2,708,0.018259,0.010518,1,54,231,3,33,3,2,0,   
150,147850,sp150,CORPK132,10,195.2,0.007166,0.044057,0.007126,24.6,246,0.038891,0.027127,1,55,206,6,12,0,4,0,   
151,146020,sp151,CORPK038,663,194.61,0.007145,0.052984,0.001769,37.26,24706,0.045984,0.038735,0,54,254,10,11,7,3,0,   
152,146855,sp152,CORPK102,1,194,0.007115,0.033337,0.006959,28,28,0.026311,0.017457,4,34,162,3,13,2,0,0,   
153,144131,sp153,CORPK005,111,193.66,0.007113,0.038635,0.002472,46.62,5175,0.03159,0.019842,1,48,243,5,32,3,2,0,   
154,144463,sp154,CORPK009,1,192,0.007054,0.041838,0.002307,46,46,0.034872,0.018947,2,34,172,4,21,1,0,0,   
155,145810,sp155,CORPK034,28,192.07,0.007052,0.035059,0.002045,45.43,1272,0.028047,0.020338,1,58,237,3,19,4,1,0,   
156,148413,sp156,CORPK146,78,190.54,0.006998,0.011597,0.003045,39.91,3113,0.004348,0,1,36,165,0,15,1,0,0,   
157,146420,sp157,CORPK042,86,187.51,0.006885,0.025931,0.001177,48.7,4188,0.019037,0.0126,1,40,223,3,26,2,0,0,   
158,148297,sp158,CORPK142,21,186.52,0.006848,0.017384,0.001222,97.67,2051,0.010512,0.007154,1,46,193,3,35,3,1,0,   
159,145920,sp159,CORPK036,568,185.87,0.006826,0.024965,0.001911,74.71,42434,0.018111,0.001441,3,56,217,0,34,2,2,0,   
160,148243,sp160,CORPK140,4,185.25,0.006804,0.015926,0.001942,30,120,0.009143,0.00423,0,45,224,1,14,1,1,0,   
161,146646,sp161,CORPK048,5807,182.57,0.006705,0.01567,0.000526,1266.78,7356191,0.008642,0.005499,0,10,54,1,6,1,0,0,   
162,143702,sp162,CORPK001,85,181.73,0.006675,0.00832,0.000969,14.33,1218,0.001365,0.000079,0,13,265,0,7,0,0,0,   
163,143836,sp163,CORPK002,13,180.77,0.006645,0.033201,0.000759,303.38,3944,0.026516,0.020222,1,41,285,5,143,5,0,0,   
164,144038,sp164,CORPK004,15223,180.31,0.006622,0.023314,0.003497,39.98,608647,0.016475,0.004496,2,46,131,0,20,0,0,0,   
165,148251,sp165,CORPK140,1,180,0.006609,0.221411,0.000001,12,12,0.21595,0.11332,0,13,512,90,10,1,0,0,   
166,144462,sp166,CORPK009,842,179.06,0.006577,0.014437,0.001702,72.92,61398,0.007783,0.001881,2,43,190,0,53,2,1,0,   
167,146382,sp167,CORPK041,94,178.91,0.006571,0.028617,0.001906,34.15,3210,0.022008,0.01589,0,31,163,4,21,0,0,0,   
168,145456,sp168,CORPK030,12,178.08,0.006542,0.014473,0.000541,25.17,302,0.008191,0.00194,0,43,131,0,7,2,3,0,   
169,146421,sp169,CORPK042,153,176.69,0.006489,0.014149,0.001474,35.59,5445,0.007376,0.002156,1,28,139,0,13,0,0,0,   
170,146614,sp170,CORPK047,21,175.71,0.006457,0.012416,0.002256,38.1,800,0.00592,0.000461,1,43,251,0,24,2,3,0,   
171,145907,sp171,CORPK036,2,174.5,0.006403,0.017466,0.00172,41,82,0.011097,0.006013,2,43,216,1,22,3,2,0,   
172,145603,sp172,CORPK032,11779,171.39,0.006296,0.031453,0.001218,69.21,815240,0.025143,0.02116,1,25,164,3,21,0,0,0,   
173,144725,sp173,CORPK018,4,169.5,0.006225,0.053001,0.001548,29,116,0.04715,0.032341,0,30,186,7,11,2,2,0,   
174,145380,sp174,CORPK025,6,169.17,0.006218,0.009754,0.000815,67,402,0.00355,0.000445,1,31,167,1,20,2,1,0,   
175,146861,sp175,CORPK102,15,167.67,0.006164,0.023673,0.001443,217.93,3269,0.017429,0.009754,1,31,411,1,147,3,0,0,   
176,145431,sp176,CORPK029,242047,166.16,0.006104,0.010489,0.000578,7.01,1696792,0.004212,0.00025,0,11,176,0,3,1,0,0,   
177,146677,sp177,CORPK048,7,165.71,0.006088,0.061775,0.000333,10,70,0.055846,0.046208,0,20,458,12,2,1,0,0,   
178,147328,sp178,CORPK111,61,165.02,0.00606,0.019049,0.001872,30.23,1844,0.012794,0.007913,1,32,151,1,12,1,0,0,   
179,147329,sp179,CORPK111,6,164.83,0.00605,0.016959,0.001874,32.33,194,0.010724,0.00643,1,27,126,0,17,1,0,0,   
180,145187,sp180,CORPK023,5,164.4,0.006036,0.059115,0.001027,31.4,157,0.053131,0.035613,0,35,148,6,11,2,1,0,   
181,146019,sp181,CORPK038,728,163.95,0.006023,0.023462,0.001255,33.92,24693,0.017467,0.011196,0,47,182,2,13,4,2,0,   
182,145883,sp182,CORPK035,2,164,0.006023,0.051367,0.001686,58,116,0.045469,0.028638,1,41,190,5,15,3,2,0,   
183,144132,sp183,CORPK005,208,163.72,0.006014,0.01489,0.001279,29.88,6216,0.008809,0.001438,1,35,157,1,18,1,0,0,   
184,147281,sp184,CORPK111,5103,163.43,0.006004,0.022546,0.002063,42.02,214428,0.01648,0.008901,1,34,173,1,18,1,0,0,   
185,143850,sp185,CORPK002,6193,160.79,0.005907,0.023504,0.001471,41.84,259114,0.017588,0.011892,1,34,225,2,24,2,0,0,   
186,148253,sp186,CORPK140,32,160.66,0.005902,0.017709,0.001578,45,1440,0.01177,0.004839,0,37,158,1,19,1,2,0,   
187,146726,sp187,CORPK065,4,158.75,0.005831,0.041631,0.000998,36,144,0.035921,0.03103,1,42,181,5,19,3,3,0,   
188,146609,sp188,CORPK047,94,158.39,0.005819,0.012856,0.00189,40.47,3804,0.007083,0.001174,1,43,238,0,26,2,3,0,   
189,144464,sp189,CORPK009,457,158.36,0.005818,0.015597,0.001293,61.81,28249,0.00977,0.00533,1,42,240,1,44,1,2,0,   
190,145195,sp190,CORPK023,1,157,0.005775,0.066034,0.002071,129,129,0.060431,0.054138,4,38,174,7,106,1,3,0,   
191,144907,sp191,CORPK020,225,157.01,0.005769,0.018522,0.001141,93.91,21129,0.012743,0.008079,1,60,210,2,61,3,3,0,   
192,143830,sp192,CORPK002,6,156.67,0.005753,0.042906,0.00141,36,216,0.037208,0.031348,1,39,194,6,12,4,3,0,   
193,146595,sp193,CORPK047,32,155.84,0.005724,0.025271,0.000822,40.31,1290,0.019602,0.011451,0,44,191,3,23,1,2,0,   
194,144921,sp194,CORPK020,72,155.65,0.00572,0.017102,0.001654,47.43,3415,0.01133,0.009638,1,47,234,4,22,2,2,0,   
195,146611,sp195,CORPK047,35492,155.18,0.005702,0.040107,0.001419,41.01,1455429,0.034589,0.022696,2,53,188,4,30,1,3,0,   
196,146303,sp196,CORPK041,221,154.49,0.005676,0.031795,0.000964,34.77,7684,0.026202,0.018766,0,34,168,4,16,1,1,0,   
197,143985,sp197,CORPK003,19,154.42,0.005674,0.073075,0.001787,42.53,808,0.067619,0.058133,0,33,145,13,14,3,0,0,   
198,145068,sp198,CORPK021,56,154.05,0.005664,0.017408,0.002077,16.89,946,0.01154,0.0001,0,40,131,0,7,2,0,0,   
199,144922,sp199,CORPK020,28,153.82,0.00565,0.020715,0.000289,25,700,0.0151,0.00218,0,21,934,1,6,1,2,0,   
200,146610,sp200,CORPK047,884,153.4,0.005637,0.016921,0.001904,40.61,35901,0.011199,0.00696,1,39,215,2,25,3,3,0,   
201,144268,sp201,CORPK007,58691,152.59,0.005607,0.017189,0.001253,40.63,2384697,0.011555,0.004057,1,37,135,2,21,1,0,0,   
202,147323,sp202,CORPK111,81,151.42,0.005566,0.016461,0.001985,30.72,2488,0.010805,0.00646,1,25,142,1,14,1,0,0,   
203,146552,sp203,CORPK045,1,151,0.005545,0.031124,0.000431,32,32,0.025646,0.025034,1,36,149,7,22,3,0,0,   
204,144270,sp204,CORPK007,2015,150.69,0.005537,0.023247,0.001879,36.3,73138,0.017809,0.008799,1,45,178,2,20,1,3,0,   
205,146446,sp205,CORPK043,87,149.64,0.005499,0.014112,0.001413,31.05,2701,0.008607,0.001072,1,38,149,0,16,1,1,0,   
206,146444,sp206,CORPK043,14,149.5,0.00549,0.018517,0.001704,32.79,459,0.013113,0.006261,1,36,144,1,14,1,1,0,   
207,145688,sp207,CORPK033,269,147.32,0.005415,0.015933,0.0014,30,8069,0.010533,0.00705,1,31,133,2,18,1,0,0,   
208,146859,sp208,CORPK102,739,147.19,0.005409,0.016103,0.001303,29.17,21559,0.010692,0.006398,1,38,160,1,16,4,0,0,   
209,143845,sp209,CORPK002,271,147.13,0.005405,0.042421,0.001407,29.19,7911,0.037037,0.03235,0,28,161,7,13,2,1,0,   
210,146604,sp210,CORPK047,13,145.77,0.005352,0.013838,0.001393,33.54,436,0.00864,0.003917,2,38,185,0,21,2,3,0,   
211,145817,sp211,CORPK034,86,145.59,0.005351,0.02142,0.001239,33.83,2909,0.016152,0.01023,0,47,174,1,12,2,2,0,   
212,146553,sp212,CORPK045,2,145.5,0.005339,0.020869,0.001135,59,118,0.015551,0.010373,0,34,161,2,18,4,1,0,   
213,144726,sp213,CORPK018,3341,145.27,0.005339,0.032213,0.000763,24.5,81868,0.026944,0.00413,0,23,291,2,10,0,0,0,   
214,147326,sp214,CORPK111,143,143.14,0.005261,0.016305,0.001293,25.55,3654,0.010971,0.007377,0,24,141,1,7,1,0,0,   
215,146616,sp215,CORPK047,2,142.5,0.005246,0.033904,0.000269,54.5,109,0.028666,0.013086,0,30,160,2,45,1,1,0,   
216,147012,sp216,CORPK108,1440,142.21,0.005227,0.019682,0.001382,40.7,58605,0.014435,0.010307,0,27,126,1,9,2,0,0,   
217,146594,sp217,CORPK047,31680,142.02,0.00522,0.016991,0.001369,40.7,1289511,0.011864,0.005556,1,43,155,1,23,1,2,0,   
218,144799,sp218,CORPK019,20,142.05,0.005219,0.029395,0.001475,22.5,450,0.024198,0.018808,0,30,108,3,11,1,1,0,   
219,144916,sp219,CORPK020,4,141.5,0.005197,0.031347,0.001784,84,336,0.025767,0.023983,0,59,150,6,72,12,0,0,   
220,148094,sp220,CORPK136,5,140.4,0.005165,0.018938,0.001554,23.2,116,0.013766,0.008463,1,34,144,1,8,4,0,0,   
221,147324,sp221,CORPK111,6,139.67,0.005138,0.020183,0.002605,25.83,155,0.014894,0.010976,0,22,106,2,10,1,0,0,   
222,145608,sp222,CORPK032,23,138.74,0.0051,0.03034,0.000816,31.35,721,0.02531,0.014539,1,29,141,3,14,2,3,0,   
223,144937,sp223,CORPK020,56,138.2,0.00508,0.011055,0.001033,41.89,2346,0.005766,0.000271,1,53,161,0,18,1,4,0,   
224,145875,sp224,CORPK035,2548,137.21,0.005044,0.018297,0.001362,51.99,132467,0.013219,0.00614,0,35,158,1,12,3,0,0,   
225,147322,sp225,CORPK111,1480,136.52,0.005019,0.01793,0.001641,25.43,37635,0.012796,0.008814,0,23,112,1,9,1,0,0,   
226,146418,sp226,CORPK042,2,136,0.005002,0.01321,0.001661,34,68,0.008269,0.003512,0,27,141,1,16,1,0,0,   
227,144039,sp227,CORPK004,1106,135.94,0.004996,0.069317,0.00043,20.32,22472,0.065308,0.060518,0,16,183,68,10,1,0,0,   
228,143972,sp228,CORPK003,50,135.82,0.004993,0.037165,0.000901,76.2,3810,0.032167,0.031266,0,31,230,10,46,6,0,0,   
229,144372,sp229,CORPK008,32,135.22,0.004974,0.022146,0.000937,34.22,1095,0.016963,0.007037,1,37,130,1,24,1,0,0,   
230,144255,sp230,CORPK007,1,135,0.004973,0.019923,0.001231,33,33,0.015021,0.005743,0,39,166,3,15,3,1,0,   
231,144599,sp231,CORPK016,1,135,0.004961,0.069331,0.000014,19,19,0.064602,0.034444,0,27,280,11,11,2,0,0,   
232,146615,sp232,CORPK047,10272,134.88,0.004959,0.013331,0.001282,33.07,339654,0.008423,0.002148,1,41,161,0,20,1,2,0,   
233,148626,sp233,CORPK160,243,134.49,0.004945,0.020912,0.001916,16.23,3945,0.015667,0.012297,0,24,113,2,6,0,1,0,   
234,147837,sp234,CORPK132,9,133.33,0.004904,0.013689,0.000052,7.33,66,0.00876,0.005576,0,6,618,1,3,0,0,0,   
235,144461,sp235,CORPK009,1,133,0.004899,0.090924,0.002189,23,23,0.086295,0.081382,0,27,98,10,12,1,3,1,   
236,145198,sp236,CORPK023,1,133,0.004898,0.017453,0.001613,19,19,0.012669,0.010028,0,22,85,4,3,2,0,0,   
237,145197,sp237,CORPK023,4,133,0.004889,0.008542,0.000164,35,140,0.003669,0.002233,0,26,106,0,7,2,0,0,   
238,148026,sp238,CORPK135,1,133,0.00488,0.014976,0.001579,20,20,0.010103,0,0,19,545,0,16,1,0,0,   
239,148623,sp239,CORPK160,26,132.31,0.004864,0.00967,0.001062,19.88,517,0.004576,0.001936,0,20,135,0,13,1,1,0,   
240,145601,sp240,CORPK032,22,131.91,0.004849,0.030968,0.000799,26,572,0.026184,0.013478,1,31,146,4,15,2,3,0,   
241,146103,sp241,CORPK039,3469,131.7,0.004842,0.011664,0.001331,26.66,92481,0.00681,0.00024,0,34,111,0,9,1,0,0,   
242,144918,sp242,CORPK020,59,131.54,0.004838,0.011384,0.00147,44.37,2618,0.006536,0.000115,1,51,145,0,24,1,4,0,   
243,143856,sp243,CORPK002,2,131.5,0.004827,0.055033,0.002228,28.5,57,0.050479,0.039921,0,21,120,14,11,1,1,0,   
244,145816,sp244,CORPK034,6,130.67,0.004809,0.041251,0.001584,28,168,0.036525,0.031875,0,21,140,5,11,4,0,0,   
245,145082,sp245,CORPK021,5,130.2,0.004794,0.011469,0.001412,34,170,0.006629,0,2,28,131,0,19,3,0,0,   
246,144481,sp246,CORPK009,5,130.2,0.004791,0.053464,0.008917,23,115,0.048682,0.021047,0,22,79,6,12,1,0,0,   
247,147862,sp247,CORPK132,74,130.22,0.004788,0.008326,0.001094,28.05,2076,0.003237,0,0,29,119,0,11,0,0,0,   
248,146107,sp248,CORPK039,151,127.82,0.0047,0.010172,0.000828,30.85,4658,0.005486,0.002395,0,32,128,2,17,0,0,0,   
249,143710,sp249,CORPK001,2,127.5,0.004691,0.017237,0.000329,55,110,0.012591,0.010755,1,37,176,2,28,1,1,0,   
250,143983,sp250,CORPK003,5,127,0.004665,0.011665,0.000531,19,95,0.006994,0.000325,0,36,111,0,10,1,0,0,   
251,148615,sp251,CORPK160,31455,126.81,0.004663,0.065623,0.001004,14.92,469257,0.060776,0.055724,0,23,125,13,11,0,0,0,   
252,144371,sp252,CORPK008,2,126.5,0.004659,0.025292,0.002748,27.5,55,0.020652,0.014947,0,30,108,4,11,2,0,0,   
253,144935,sp253,CORPK020,2,126.5,0.004649,0.040583,0.003433,47,94,0.036096,0.023662,1,26,256,6,12,2,2,0,   
254,145373,sp254,CORPK025,26,126.42,0.004648,0.011964,0.000753,10.88,283,0.007118,0.001427,0,8,50,1,4,1,0,0,   
255,146018,sp255,CORPK038,2,126.5,0.004646,0.03879,0.001353,26,52,0.034225,0.028671,0,34,164,5,8,4,2,0,   
256,143977,sp256,CORPK003,49,126.06,0.004636,0.009678,0.000849,53.33,2613,0.004949,0.00086,0,32,81,0,7,0,6,0,   
257,144387,sp257,CORPK008,1,126,0.004632,0.02199,0.003841,27,27,0.017356,0.010343,2,33,254,3,21,3,0,0,   
258,148624,sp258,CORPK160,3058,125.54,0.004616,0.008929,0.001661,19.43,59402,0.003847,0.000773,0,20,131,0,13,0,1,0,   
259,147013,sp259,CORPK108,2,125.5,0.004606,0.058614,0.000943,15,30,0.05405,0.04207,0,29,113,7,8,1,1,0,   
260,143833,sp260,CORPK002,2,124,0.004573,0.045959,0.000319,27,54,0.041512,0.035715,0,27,134,7,10,3,3,0,   
261,144267,sp261,CORPK007,668,124.29,0.00457,0.012967,0.001289,27.24,18195,0.008388,0.00103,0,35,94,0,10,0,0,0,   
262,147271,sp262,CORPK111,1,124,0.004557,0.08101,0.002894,30,30,0.076275,0.022607,0,27,102,4,4,1,1,1,   
263,143988,sp263,CORPK003,1,124,0.004555,0.038128,0.002403,34,34,0.033711,0.012142,2,30,115,1,17,1,0,0,   
264,147274,sp264,CORPK111,1026,123.42,0.004538,0.015704,0.000479,34,34888,0.01111,0.010631,0,23,107,2,3,1,1,1,   
265,147267,sp265,CORPK111,2077,123.35,0.004536,0.007572,0.000526,53.91,111981,0.002951,0.002411,0,28,135,0,8,4,0,0,   
266,145092,sp266,CORPK021,7608,123.07,0.004526,0.014257,0.001062,13.77,104771,0.009583,0.000083,0,32,92,0,6,0,0,0,   
267,146166,sp267,CORPK040,3,122.33,0.004496,0.049488,0.000678,43,129,0.045114,0.021595,2,31,101,8,26,1,1,0,   
268,144940,sp268,CORPK020,24,121.71,0.004479,0.014268,0.000858,60.25,1446,0.009503,0.00073,0,34,100,0,12,3,2,0,   
269,146857,sp269,CORPK102,314,121.73,0.004477,0.014433,0.001247,23.8,7473,0.009928,0.00556,0,26,138,1,9,2,0,0,   
270,145460,sp270,CORPK030,3306,121.55,0.00447,0.014554,0.001255,13.91,45972,0.009961,0.00352,0,21,74,0,4,1,1,0,   
271,144474,sp271,CORPK009,223,121.3,0.004462,0.017825,0.000897,23.64,5272,0.01333,0.009774,0,24,153,3,16,1,1,0,   
272,147269,sp272,CORPK111,1514,121.12,0.004454,0.014585,0.001489,32,48445,0.00965,0.008158,0,23,106,1,3,0,0,0,   
273,143872,sp273,CORPK002,38,120.68,0.00444,0.034569,0.002194,20.37,774,0.030111,0.027327,0,26,119,5,13,1,1,0,   
274,147270,sp274,CORPK111,508,120.09,0.004417,0.006247,0.001304,31.9,16205,0.001484,0.00018,0,26,112,0,3,0,0,0,   
275,143978,sp275,CORPK003,5,119.6,0.004395,0.019528,0.001185,43.6,218,0.015116,0.010375,1,34,130,2,27,1,0,0,   
276,147275,sp276,CORPK111,31,119.45,0.004395,0.004874,0.000422,34,1054,0.000422,0,0,24,113,0,3,1,1,1,   
277,148015,sp277,CORPK135,54,119.24,0.004384,0.008481,0.000478,96.35,5203,0.003998,0.000922,0,22,91,1,23,10,0,0,   
278,146727,sp278,CORPK065,5370,119.11,0.004381,0.013201,0.001269,35.94,192995,0.00886,0.002115,0,33,150,0,11,3,0,0,   
279,143866,sp279,CORPK002,723,117.57,0.004324,0.023437,0.000905,19.79,14311,0.019123,0.012797,0,37,129,2,12,1,3,0,   
280,148020,sp280,CORPK135,4,117.25,0.00432,0.012394,0.00085,36,144,0.008049,0.003216,1,28,129,2,13,3,0,0,   
281,147348,sp281,CORPK112,3929,117.32,0.004315,0.007614,0.001108,35.83,140794,0.003248,0.000008,0,23,83,0,9,1,0,0,   
282,143716,sp282,CORPK001,6663,117.17,0.00431,0.013408,0.004752,54.3,361797,0.009099,0.001077,3,32,163,0,36,1,1,0,   
283,148091,sp283,CORPK136,3,116,0.004269,0.018479,0.005114,18.33,55,0.013613,0.006408,1,26,123,1,9,0,0,0,   
284,146117,sp284,CORPK039,29424,115.59,0.004252,0.00763,0.001924,56.45,1661090,0.003028,0.001068,1,22,143,0,20,1,0,0,   
285,146605,sp285,CORPK047,4774,115.55,0.00425,0.013982,0.00117,30.19,144146,0.009789,0.003705,1,40,130,0,18,1,2,0,   
286,146105,sp286,CORPK039,47279,115.54,0.00425,0.028865,0.001009,49.11,2321907,0.024695,0.018313,1,33,171,4,35,1,2,0,   
287,143975,sp287,CORPK003,3431,115.52,0.004249,0.017907,0.00109,46.53,159631,0.013675,0.009481,1,32,126,3,25,0,0,0,   
288,143692,sp288,CORPK001,221,114.79,0.004222,0.01395,0.001328,27.29,6032,0.009601,0.005022,0,18,91,2,10,0,0,0,   
289,145602,sp289,CORPK032,2364,114.62,0.004217,0.032521,0.00097,20.61,48714,0.028341,0.01331,1,35,143,3,15,1,0,0,   
290,148038,sp290,CORPK135,15,114.27,0.0042,0.008588,0.000787,56,840,0.004338,0.002052,0,19,106,0,13,1,0,0,   
291,143697,sp291,CORPK001,12,114.08,0.004198,0.031906,0.000645,114.25,1371,0.027739,0.019676,1,31,182,3,56,2,0,0,   
292,143837,sp292,CORPK002,1,114,0.004198,0.01812,0.000296,62,62,0.013983,0.012627,1,33,141,2,31,3,1,0,   
293,145362,sp293,CORPK025,73,113.47,0.004172,0.008996,0.000832,32.78,2393,0.004801,0.000897,0,22,89,0,15,0,0,0,   
294,145413,sp294,CORPK025,12,112.75,0.004147,0.009075,0.000717,37.92,455,0.004941,0.001656,1,36,159,1,25,2,2,0,   
295,143690,sp295,CORPK001,414,112.19,0.004128,0.00932,0.000813,31.93,13217,0.005176,0.000435,1,27,177,0,22,1,0,0,   
296,146520,sp296,CORPK045,32,111.91,0.00412,0.025994,0.001,25.59,819,0.021949,0.015623,1,32,137,3,17,0,1,0,   
297,143852,sp297,CORPK002,664,111.89,0.004116,0.015028,0.000717,33.89,22506,0.010914,0.006922,0,25,122,1,8,0,1,0,   
298,147614,sp298,CORPK119,1,112,0.004116,0.026825,0.000912,26,26,0.022785,0.007176,1,18,172,4,24,1,0,0,   
299,147285,sp299,CORPK111,10,111,0.004087,0.017583,0.002175,36.4,364,0.013427,0.00728,0,11,75,1,1,1,0,0,   
300,144265,sp300,CORPK007,17,111,0.004086,0.008622,0.000892,16.76,285,0.004559,0.000176,0,26,82,0,7,0,0,0,   
301,143719,sp301,CORPK001,126364,110.81,0.004077,0.015969,0.001868,64.59,8162371,0.01194,0.005682,2,42,147,2,35,1,1,0,   
302,145087,sp302,CORPK021,11,110.82,0.004075,0.012171,0.000708,39.36,433,0.008099,0.007391,0,32,163,1,15,4,1,0,   
303,143863,sp303,CORPK002,51,110.55,0.004066,0.018088,0.000616,15,765,0.013988,0.00191,0,13,156,2,2,1,2,0,   
304,144919,sp304,CORPK020,3,110,0.00405,0.017826,0.002038,69,207,0.013833,0.008189,0,28,107,4,14,3,2,0,   
305,145457,sp305,CORPK030,1,110,0.00405,0.040492,0.000004,20,20,0.036541,0.034121,0,35,110,7,9,3,0,0,   
306,145190,sp306,CORPK023,8,109.88,0.004039,0.010066,0.000492,10,80,0.005982,0.001878,0,21,79,0,2,2,1,0,   
307,146190,sp307,CORPK040,1683,109.67,0.004035,0.007907,0.001354,42.11,70873,0.003832,0.002049,1,29,135,0,31,0,0,0,   
308,146612,sp308,CORPK047,8229,109.62,0.004033,0.01552,0.00104,29.56,243289,0.011557,0.002128,1,38,139,0,19,1,2,0,   
309,146206,sp309,CORPK041,19,109.42,0.00403,0.01668,0.000433,29.84,567,0.012702,0.010369,0,24,123,2,20,1,1,0,   
310,148037,sp310,CORPK135,1,109,0.004023,0.108918,0.000577,38,38,0.105163,0.104587,0,17,82,13,11,2,0,0,   
311,146618,sp311,CORPK047,61431,109.24,0.004019,0.013056,0.001357,69.07,4242868,0.009002,0.004265,1,31,131,1,56,1,1,0,   
312,146160,sp312,CORPK040,404,109.22,0.004019,0.01167,0.001049,24.84,10035,0.007649,0.002291,1,22,120,0,15,0,1,0,   
313,144472,sp313,CORPK009,9600,109.21,0.004018,0.011799,0.000349,11.97,114911,0.007746,0.005379,0,13,155,1,9,0,0,0,   
314,147284,sp314,CORPK111,8965,108.78,0.004002,0.019167,0.000868,33.57,300987,0.015146,0.012643,1,27,121,3,20,1,0,0,   
315,144936,sp315,CORPK020,92,108.67,0.003998,0.008385,0.000726,43.61,4012,0.004343,0.000209,0,55,171,0,19,1,5,0,   
316,144470,sp316,CORPK009,2737,107.91,0.00397,0.028298,0.000997,24.26,66387,0.024391,0.018488,0,23,145,2,12,0,2,0,   
317,144473,sp317,CORPK009,19293,107.56,0.003958,0.011681,0.000327,11.91,229695,0.00769,0.005307,0,13,144,1,8,0,0,0,   
318,145085,sp318,CORPK021,73,107.51,0.003957,0.005699,0.000737,44.95,3281,0.001699,0.000866,2,36,142,0,32,3,0,0,   
319,144388,sp319,CORPK008,598,106.88,0.003934,0.019523,0.000928,25.84,15455,0.015637,0.011591,1,39,134,4,19,4,0,0,   
320,146191,sp320,CORPK040,424,106.78,0.003928,0.009999,0.003509,42.29,17933,0.005904,0.001948,1,25,143,0,31,0,0,0,   
321,144597,sp321,CORPK016,2,105.5,0.003897,0.009925,0.000574,29,58,0.005926,0.004156,4,33,107,3,22,1,0,0,   
322,144722,sp322,CORPK018,1,106,0.003896,0.209861,0.000011,13,13,0.206395,0.090617,0,18,63,26,2,2,0,0,   
323,143851,sp323,CORPK002,3809,105.85,0.003895,0.013375,0.0009,26.06,99264,0.009436,0.004172,1,26,121,0,14,2,0,0,   
324,144934,sp324,CORPK020,4180,105.26,0.003873,0.012094,0.000686,95.92,400960,0.008209,0.005989,0,35,169,2,45,4,5,0,   
325,144459,sp325,CORPK009,1,105,0.00386,0.016978,0.000001,36,36,0.013132,0.005176,1,28,111,2,24,1,3,0,   
326,147869,sp326,CORPK132,43,104.86,0.003856,0.039886,0.000666,37.42,1609,0.035989,0.035278,0,18,133,3,9,0,0,0,   
327,143696,sp327,CORPK001,3,104.67,0.003843,0.031272,0.000562,115.33,346,0.027512,0.025624,0,26,181,5,55,2,0,0,   
328,146113,sp328,CORPK039,33364,103.9,0.003824,0.007861,0.001044,67.21,2242342,0.004025,0.000117,2,46,143,0,41,1,0,0,   
329,146689,sp329,CORPK049,24247,103.78,0.003819,0.0107,0.000938,29.84,723477,0.006943,0.002528,0,30,104,0,14,1,2,0,   
330,145095,sp330,CORPK021,7,103.29,0.00381,0.019511,0.001869,24,168,0.014788,0.001264,0,19,67,0,16,1,0,0,   
331,148621,sp331,CORPK160,94,103.11,0.003794,0.006851,0.001705,37.15,3492,0.002829,0.000271,1,22,94,0,18,2,0,0,   
332,146847,sp332,CORPK102,1,103,0.003789,0.019696,0.000095,26,26,0.016008,0.012831,0,24,91,5,10,3,0,0,   
333,146603,sp333,CORPK047,921,102.75,0.003782,0.007764,0.001308,41.61,38325,0.00389,0.001459,1,26,133,0,27,1,1,0,   
334,146848,sp334,CORPK102,10,102.5,0.003773,0.044981,0.0014,30.3,303,0.041383,0.039984,0,16,112,10,11,1,0,0,   
335,146852,sp335,CORPK102,45,102.24,0.003764,0.018167,0.000868,17.58,791,0.014436,0.009692,0,20,99,1,6,2,0,0,   
336,145069,sp336,CORPK021,14,102.14,0.003764,0.010909,0.000996,22,308,0.007157,0.001655,0,29,83,1,11,1,2,0,   
337,144366,sp337,CORPK008,12,101.92,0.003752,0.019918,0.00037,24.33,292,0.01565,0.009186,1,33,113,1,15,0,0,0,   
338,147871,sp338,CORPK132,128,101.83,0.003748,0.009133,0.001996,54.33,6954,0.005155,0.003053,0,20,99,0,14,1,0,0,   
339,146309,sp339,CORPK041,245,101.73,0.003744,0.019849,0.000405,40.17,9841,0.016106,0.015662,0,24,162,6,12,6,0,0,   
340,143717,sp340,CORPK001,1897,101.44,0.003734,0.031729,0.024461,40.01,75890,0.02798,0.000346,2,28,133,0,22,1,2,0,   
341,144375,sp341,CORPK008,1,101,0.003722,0.02975,0.000348,23,23,0.026118,0.022179,0,24,92,5,11,1,1,0,   
342,145749,sp342,CORPK034,2123,100.85,0.003712,0.006811,0.000605,27.31,57985,0.003072,0.000019,0,25,71,0,11,1,1,0,   
343,144380,sp343,CORPK008,24,100.42,0.003697,0.015426,0.00041,23,552,0.011799,0.006944,0,30,104,3,18,1,0,0,   
344,146958,sp344,CORPK105,1749,99.38,0.003658,0.020757,0.001866,26.41,46184,0.016921,0.013054,0,29,199,3,14,3,1,0,   
345,144367,sp345,CORPK008,8,99,0.003641,0.013141,0.001024,18,144,0.009549,0.005292,0,34,109,3,11,1,0,0,   
346,146601,sp346,CORPK047,7802,98.89,0.00364,0.007585,0.001691,45.24,352979,0.003839,0.001299,1,26,129,0,28,1,1,0,   
347,148617,sp347,CORPK160,26,98.96,0.003638,0.009188,0.000616,12.12,315,0.005145,0.002864,0,23,124,1,7,1,0,0,   
348,145369,sp348,CORPK025,2,98.5,0.003633,0.02466,0.000197,12,24,0.021025,0.017274,0,21,45,6,5,2,0,0,   
349,144917,sp349,CORPK020,9,98.44,0.00363,0.008132,0.000586,43,387,0.004441,0.000071,0,41,133,0,22,1,5,0,   
350,144665,sp350,CORPK017,5,98.8,0.003629,0.025326,0.000703,21,105,0.021666,0.012314,0,28,100,2,9,2,3,0,   
351,146163,sp351,CORPK040,37,98.32,0.003621,0.009687,0.00067,24.86,920,0.00613,0.002397,0,18,98,0,13,1,1,0,   
352,146992,sp352,CORPK107,560,98.28,0.003618,0.005749,0.001265,119.69,67029,0.001785,0.00052,0,11,65,0,29,6,0,0,   
353,144604,sp353,CORPK016,2,98,0.003604,0.007634,0.000542,21,42,0.004043,0,2,26,172,0,5,2,0,0,   
354,145184,sp354,CORPK023,57,97.7,0.003596,0.014099,0.007758,56.81,3238,0.010193,0.002403,1,20,88,0,19,1,1,0,   
355,143691,sp355,CORPK001,405,97.38,0.003585,0.012092,0.002379,28.57,11571,0.00849,0.001914,1,32,130,0,18,1,0,0,   
356,143711,sp356,CORPK001,42,97.17,0.003577,0.010001,0.000936,34.81,1462,0.006411,0.004871,1,25,153,0,20,2,1,0,   
357,143703,sp357,CORPK001,197692,96.52,0.003553,0.016383,0.001537,56.93,11254450,0.012882,0.006541,2,37,129,2,29,1,1,0,   
358,144381,sp358,CORPK008,13,96.46,0.003549,0.018347,0.000151,21.31,277,0.014857,0.008434,1,29,96,3,15,1,0,0,   
359,146685,sp359,CORPK049,12958,96.06,0.003536,0.012331,0.000884,27.72,359248,0.008857,0.004521,0,30,109,0,14,1,2,0,   
360,145815,sp360,CORPK034,32,95.69,0.003522,0.046007,0.001274,22.44,718,0.04257,0.040326,0,23,101,6,6,2,1,0,   
361,146167,sp361,CORPK040,141,95.4,0.003512,0.009746,0.000629,24.07,3394,0.006254,0.001725,0,19,99,0,13,1,1,0,   
362,144044,sp362,CORPK004,17,95.24,0.003507,0.014661,0.000256,25,425,0.011242,0.004623,0,24,190,4,16,2,1,0,   
363,144048,sp363,CORPK004,583,94.95,0.003495,0.008391,0.000842,4.85,2825,0.004668,0.000031,0,7,39,0,0,0,0,0,   
364,146800,sp364,CORPK073,1760334,94.44,0.003477,0.031012,0.016319,71.54,125927210,0.027608,0.006813,3,43,133,3,45,1,2,0,   
365,143971,sp365,CORPK003,224,94.22,0.003468,0.015766,0.001005,37.97,8505,0.0123,0.008169,0,28,103,2,13,0,0,0,   
366,146313,sp366,CORPK041,250,93.84,0.003456,0.010165,0.001266,17.61,4402,0.006641,0.002351,0,23,98,1,5,0,0,0,   
367,145183,sp367,CORPK023,2,94,0.003449,0.015123,0.002939,7,14,0.010846,0.007321,1,15,53,2,1,1,0,0,   
368,145488,sp368,CORPK031,27,93.37,0.003437,0.00863,0.000701,28.59,772,0.005162,0.003424,1,23,114,0,20,1,1,0,   
369,143870,sp369,CORPK002,1,93,0.003433,0.032833,0.000002,34,34,0.029484,0.029482,0,15,101,6,20,1,1,0,   
370,146162,sp370,CORPK040,1292,93.23,0.003433,0.00995,0.000769,23.65,30553,0.006523,0.002285,0,16,81,0,15,1,1,0,   
371,148029,sp371,CORPK135,1,93,0.003431,0.020305,0.011892,9,9,0.016972,0,4,14,47,0,2,1,0,0,   
372,145096,sp372,CORPK021,1,93,0.003417,0.01318,0.000002,24,24,0.00978,0.008182,0,17,72,1,16,1,0,0,   
373,144191,sp373,CORPK006,4226,92.63,0.003411,0.023925,0.001375,35.08,148234,0.020702,0.017414,0,24,99,2,13,0,3,0,   
374,143841,sp374,CORPK002,9,92.56,0.003409,0.016038,0.000887,13.11,118,0.012662,0.006862,0,20,72,2,7,0,0,0,   
375,148632,sp375,CORPK160,5,92.2,0.0034,0.016635,0.000774,21.4,107,0.01324,0.010691,0,20,80,3,11,0,1,0,   
376,145437,sp376,CORPK030,22,92.18,0.003393,0.021182,0.00152,22.36,492,0.017667,0.014994,0,23,117,3,12,2,1,0,   
377,144905,sp377,CORPK020,1,92,0.003392,0.052291,0,56,56,0.049008,0.021576,0,59,67,8,0,26,0,1,   
378,144661,sp378,CORPK017,1,92,0.003387,0.011606,0.002073,16,16,0.008193,0.003155,0,20,76,1,5,1,0,0,   
379,143994,sp379,CORPK003,113,91.09,0.003354,0.12877,0.000498,39.53,4467,0.126057,0.087886,1,19,199,38,18,0,0,0,   
380,144499,sp380,CORPK009,1,91,0.00335,0.076167,0.000014,9,9,0.072991,0.002517,0,8,244,8,6,1,0,0,   
381,148618,sp381,CORPK160,3050,90.69,0.00334,0.006776,0.000831,11.87,36189,0.003026,0.000796,0,21,124,0,6,0,0,0,   
382,144368,sp382,CORPK008,42,90.67,0.003338,0.011627,0.000456,15.24,640,0.008255,0.004766,0,13,98,1,9,0,0,0,   
383,148245,sp383,CORPK140,1,90,0.003316,0.030412,0,14,14,0.027097,0.009121,0,29,88,1,10,1,0,0,   
384,143853,sp384,CORPK002,787,90.03,0.003316,0.032217,0.000787,14.45,11369,0.029011,0.025376,0,23,80,6,8,1,0,0,   
385,144920,sp385,CORPK020,83,89.94,0.00331,0.015976,0.000708,82.99,6888,0.012678,0.008585,0,20,116,2,18,2,1,0,   
386,143995,sp386,CORPK003,1,90,0.003309,0.073801,0.000019,20,20,0.070617,0.042999,0,27,78,5,8,2,1,0,   
387,145611,sp387,CORPK032,75,89.13,0.003282,0.009146,0.000914,25.35,1901,0.005824,0.002342,0,29,128,0,15,2,0,0,   
388,147286,sp388,CORPK111,765,88.81,0.003271,0.010263,0.000763,15.27,11680,0.006974,0.004235,0,17,70,1,5,1,0,0,   
389,143989,sp389,CORPK003,89,88.75,0.003269,0.017712,0.00092,33,2937,0.014464,0.010331,0,26,97,3,13,1,0,0,   
390,147590,sp390,CORPK118,15,88.2,0.003249,0.028738,0.001032,12,180,0.025503,0.021706,0,16,76,3,4,0,0,0,   
391,146602,sp391,CORPK047,1843,88.01,0.003241,0.005432,0.001161,38.48,70926,0.002164,0.000488,1,22,125,0,23,0,0,0,   
392,144602,sp392,CORPK016,9894,87.25,0.003214,0.007441,0.000663,25.69,254183,0.004212,0.000562,1,32,112,0,18,1,0,0,   
393,143705,sp393,CORPK001,343020,87.19,0.003212,0.032473,0.019085,53.12,18220493,0.029316,0.005554,2,36,115,2,32,1,1,0,   
394,146600,sp394,CORPK047,13450,86.86,0.003199,0.008162,0.001445,40.2,540718,0.00486,0.001583,1,25,102,0,24,0,0,0,   
395,146164,sp395,CORPK040,57,86.77,0.003198,0.007917,0.000493,20.6,1174,0.004731,0.001052,0,14,72,0,12,1,1,0,   
396,145083,sp396,CORPK021,18940,86.82,0.003198,0.007064,0.000672,31,587140,0.003857,0.00038,1,24,91,0,16,3,0,0,   
397,145489,sp397,CORPK031,2893,86.1,0.003172,0.009916,0.000979,33.7,97499,0.006749,0.003036,1,27,132,0,26,1,1,0,   
398,148616,sp398,CORPK160,3435,86.09,0.003171,0.007987,0.001133,13,44655,0.004474,0.001834,0,18,98,0,10,1,1,0,   
399,146314,sp399,CORPK041,874,85.72,0.003158,0.00966,0.000741,41.28,36078,0.006527,0.004184,1,20,89,1,13,1,1,0,   
400,145065,sp400,CORPK021,52,85.73,0.003156,0.007663,0.00071,26.23,1364,0.004513,0.000551,0,21,92,0,12,3,0,0,   
401,146856,sp401,CORPK102,10,85.6,0.003152,0.013797,0.001112,15,150,0.010667,0.007878,0,21,114,1,5,4,0,0,   
402,148246,sp402,CORPK140,7,85.29,0.003144,0.009796,0.000298,15,105,0.006662,0.001892,0,17,67,1,7,1,0,0,   
403,145487,sp403,CORPK031,967,84.99,0.003131,0.006371,0.001411,29.5,28525,0.003183,0.000791,1,22,117,0,22,0,0,0,   
404,146168,sp404,CORPK040,346,84.79,0.003124,0.00894,0.000725,20.38,7053,0.005818,0.001426,0,14,72,0,11,1,1,0,   
405,144189,sp405,CORPK006,8,84.25,0.0031,0.012905,0.000311,26.25,210,0.009861,0.004776,0,36,93,1,16,2,2,1,   
406,143990,sp406,CORPK003,76,84.16,0.0031,0.016069,0.0006,41.96,3189,0.012993,0.011269,0,18,96,2,16,0,0,0,   
407,144512,sp407,CORPK013,346474,83.85,0.003089,0.030118,0.018357,48.76,16893728,0.027064,0.003579,2,39,123,0,32,1,0,0,   
408,144378,sp408,CORPK008,3,83.67,0.003076,0.014058,0.001098,21.67,65,0.010989,0.0065,1,20,82,1,11,0,0,0,   
409,143999,sp409,CORPK003,442,83.45,0.003074,0.01266,0.001023,27.56,12181,0.009592,0.005251,0,27,114,1,8,1,1,0,   
410,144912,sp410,CORPK020,87,82.57,0.003043,0.00721,0.000308,54.79,4767,0.004161,0.001004,0,34,105,0,32,4,2,0,   
411,147870,sp411,CORPK132,10,82.2,0.00303,0.023498,0.000651,32.1,321,0.020334,0.019682,0,11,95,2,5,0,0,0,   
412,145196,sp412,CORPK023,1,82,0.003029,0.005913,0.001959,8,8,0.00285,0,1,18,70,0,1,2,0,0,   
413,143826,sp413,CORPK002,51,82.12,0.003024,0.074743,0.000362,14,714,0.071887,0.067941,0,16,82,10,2,1,2,0,   
414,144190,sp414,CORPK006,9879,81.52,0.003004,0.017398,0.000891,50.56,499503,0.014487,0.011854,0,17,94,2,11,1,0,0,   
415,143849,sp415,CORPK002,24,81.46,0.003002,0.007498,0.000629,17,408,0.004481,0.000454,0,21,85,0,9,1,0,0,   
416,146688,sp416,CORPK049,38630,81.46,0.003002,0.014535,0.00073,27.74,1071597,0.011624,0.003201,0,32,96,0,16,1,2,0,   
417,144477,sp417,CORPK009,27654,81.26,0.002994,0.012404,0.000627,20.19,558456,0.009412,0.002992,0,21,84,0,12,1,2,0,   
418,145597,sp418,CORPK032,27,81.04,0.002989,0.010044,0.000493,22,594,0.007002,0.004765,0,22,99,2,9,2,1,0,   
419,146525,sp419,CORPK045,1,80,0.002945,0.015695,0.000124,22,22,0.012813,0.011239,1,13,43,2,6,1,1,0,   
420,146024,sp420,CORPK038,2,79.5,0.002941,0.014502,0.000129,21,42,0.011579,0.009314,1,24,108,2,6,2,4,0,   
421,145359,sp421,CORPK025,1,80,0.002935,0.033083,0.001616,7,7,0.030253,0.02547,1,14,49,3,1,1,0,0,   
422,148013,sp422,CORPK135,3,79.33,0.002929,0.007553,0.000863,5,15,0.00463,0.002382,0,6,663,0,3,1,0,0,   
423,143969,sp423,CORPK003,44,78.68,0.002902,0.013352,0.000536,35.34,1555,0.010459,0.009923,0,20,87,2,13,1,0,0,   
424,143709,sp424,CORPK001,826,78.5,0.002893,0.022471,0.000664,33.9,28004,0.019617,0.01756,0,18,100,3,16,0,0,0,   
425,146725,sp425,CORPK065,49912,78.25,0.002884,0.008414,0.000686,25.95,1295402,0.005577,0.001086,0,26,113,0,10,2,1,0,   
426,145357,sp426,CORPK025,133,77.87,0.00287,0.00588,0.00024,8.02,1066,0.002933,0.00089,0,8,58,0,3,1,0,0,   
427,146108,sp427,CORPK039,25,77.48,0.002855,0.010318,0.000427,23.52,588,0.007486,0.003771,0,17,70,1,6,1,1,0,   
428,148244,sp428,CORPK140,9,77.11,0.002839,0.009052,0.001402,17.33,156,0.006191,0.001474,0,18,75,0,8,0,0,0,   
429,144257,sp429,CORPK007,9,76.89,0.002829,0.017127,0.000104,31.33,282,0.014351,0.008981,0,33,99,2,13,3,1,0,   
430,146617,sp430,CORPK047,96596,76.21,0.002809,0.007911,0.000992,40.45,3906935,0.005095,0.001993,1,25,92,0,32,0,0,0,   
431,145193,sp431,CORPK023,1,76,0.002807,0.092432,0.000056,32,32,0.089822,0.077132,0,17,34,10,4,1,0,0,   
432,143992,sp432,CORPK003,1821,76.04,0.002803,0.01775,0.000792,32.11,58474,0.014971,0.012636,0,18,91,2,17,0,0,0,   
433,147849,sp433,CORPK132,1,76,0.002788,0.006361,0.000159,11,11,0.003508,0,0,16,55,0,4,1,0,0,   
434,143974,sp434,CORPK003,751,75.58,0.002786,0.01453,0.000728,27.32,20516,0.011781,0.009078,0,20,79,2,11,0,0,0,   
435,146109,sp435,CORPK039,61448,75.56,0.002786,0.008244,0.000959,40.56,2492476,0.005459,0.000045,2,38,92,0,28,1,0,0,   
436,144601,sp436,CORPK016,34,75.5,0.002785,0.01387,0.000319,26.03,885,0.011096,0.000788,1,36,75,0,7,2,2,0,   
437,145479,sp437,CORPK031,17,74.82,0.002762,0.003461,0.000426,24,408,0.000475,0,0,16,68,0,11,1,1,0,   
438,147443,sp438,CORPK116,5,75,0.002757,0.033522,0.000056,11.4,57,0.030845,0.030789,0,10,85,7,3,4,0,0,   
439,146592,sp439,CORPK047,21075,73.52,0.002711,0.007769,0.00167,34.36,724201,0.004952,0.001804,1,25,98,0,28,0,0,0,   
440,148255,sp440,CORPK140,14,73.43,0.002707,0.013098,0.000892,12.29,172,0.010356,0.00474,0,15,59,0,5,1,0,0,   
441,148502,sp441,CORPK147,2,73,0.0027,0.021731,0.000628,10,20,0.023313,0.011236,1,18,94,1,5,1,0,0,   
442,145278,sp442,CORPK024,12,73.25,0.002697,0.008151,0.000243,15.58,187,0.00552,0.00255,0,12,217,5,8,0,1,0,   
443,147854,sp443,CORPK132,10,73,0.002684,0.032885,0.000452,28.2,282,0.030234,0.024664,0,10,53,3,6,0,0,0,   
444,146110,sp444,CORPK039,49,72.2,0.002659,0.012681,0.000462,37.53,1839,0.010055,0.007348,1,30,114,1,17,0,0,0,   
445,144261,sp445,CORPK007,3,72,0.002649,0.025597,0.001245,13,39,0.023063,0.013359,0,15,70,7,10,2,0,0,   
446,144047,sp446,CORPK004,44,71.75,0.002646,0.046775,0.000765,19.07,839,0.0443,0.039817,1,16,68,7,11,2,1,0,   
447,144000,sp447,CORPK003,16,71.56,0.002643,0.011824,0.000805,25.5,408,0.009166,0.00302,1,29,87,0,19,2,1,0,   
448,145483,sp448,CORPK031,2,72,0.002641,0.008505,0.000255,20,40,0.005875,0.000696,0,14,55,0,5,1,2,0,   
449,148620,sp449,CORPK160,3050,71.56,0.00264,0.006769,0.00116,22.72,69307,0.00389,0.001332,0,15,65,0,9,1,0,0,   
450,145898,sp450,CORPK036,12,71.33,0.002632,0.029894,0.000822,17,204,0.027353,0.021,0,18,44,4,5,1,1,0,   
451,144385,sp451,CORPK008,3261,71.16,0.002624,0.01219,0.000602,22.79,74327,0.009581,0.00595,1,21,111,1,16,1,1,0,   
452,144046,sp452,CORPK004,1,71,0.002619,0.028839,0.000039,19,19,0.026305,0.024618,0,15,79,7,11,2,1,0,   
453,147706,sp453,CORPK123,2,70.5,0.002612,0.040648,0.000112,11,22,0.038178,0.038066,1,8,58,7,3,4,0,0,   
454,143838,sp454,CORPK002,10526,70.75,0.002609,0.005992,0.000566,22.2,233691,0.003393,0.000749,0,16,81,0,10,1,0,0,   
455,144770,sp455,CORPK018,15,70.47,0.002601,0.026435,0.000528,57.67,865,0.023935,0.020858,0,30,39,6,13,10,10,0,   
456,143718,sp456,CORPK001,3,70,0.002575,0.009614,0.000303,21.33,64,0.007072,0.004903,0,16,87,1,11,2,1,0,   
457,145374,sp457,CORPK025,302,69.75,0.002573,0.00766,0.000302,16.01,4836,0.005084,0.00137,0,13,49,0,8,1,0,0,   
458,143876,sp458,CORPK002,60,69.65,0.002569,0.045762,0.000707,75.25,4515,0.043319,0.040513,1,21,57,7,60,2,0,0,   
459,147075,sp459,CORPK109,9,69.56,0.002566,0.009132,0.001179,18.56,167,0.006588,0.002119,0,18,75,1,8,1,0,0,   
460,148027,sp460,CORPK135,14,69.5,0.002564,0.006104,0.001361,26.14,366,0.003541,0.000415,0,13,46,0,7,0,0,0,   
461,146497,sp461,CORPK044,2,69,0.002548,0.018875,0.00007,28,56,0.016365,0.008962,1,16,60,2,13,1,1,0,   
462,143993,sp462,CORPK003,318,68.99,0.002544,0.018146,0.000727,23.96,7620,0.015624,0.013343,0,17,92,2,15,0,0,0,   
463,148521,sp463,CORPK147,3,68.67,0.002536,0.010411,0.000296,17,51,0.007874,0.005468,0,30,75,0,12,2,1,0,   
464,146119,sp464,CORPK039,53344,68.72,0.002535,0.003303,0.000648,53.7,2864540,0.000721,0.000066,1,22,82,0,21,0,0,0,   
465,143827,sp465,CORPK002,5015,68.39,0.002523,0.029069,0.000481,15,75225,0.026653,0.025163,0,16,81,4,3,1,2,0,   
466,145185,sp466,CORPK023,1,68,0.002512,0.034954,0,14,14,0.032583,0.031979,0,20,65,8,5,2,2,0,   
467,148614,sp467,CORPK160,3054,68.08,0.002511,0.005262,0.000608,6.94,21204,0.002459,0.00046,0,24,80,0,5,0,0,0,   
468,147321,sp468,CORPK111,5,67.8,0.002509,0.008738,0.000082,18,90,0.006226,0.006144,0,9,59,1,4,4,0,0,   
469,143991,sp469,CORPK003,683,67.56,0.002492,0.015909,0.000619,28.59,19525,0.013438,0.011796,0,17,82,2,13,0,0,0,   
470,144762,sp470,CORPK018,4076,67.53,0.002492,0.008639,0.00153,30.22,123171,0.006025,0.004476,1,26,78,1,19,0,0,0,   
471,146022,sp471,CORPK038,10,67.4,0.002486,0.016499,0.001622,20.4,204,0.013966,0.012344,0,15,122,5,7,3,2,0,   
472,144469,sp472,CORPK009,1,67,0.002458,0.003893,0.000001,24,24,0.001463,0.000695,0,21,79,2,19,1,0,0,   
473,148634,sp473,CORPK160,3051,65.85,0.00243,0.005441,0.001269,20.6,62851,0.002835,0.000124,0,17,66,0,12,0,0,0,   
474,144723,sp474,CORPK018,4,65.75,0.002414,0.022707,0.000701,15.5,62,0.020433,0.016014,0,16,47,8,4,2,0,0,   
475,144510,sp475,CORPK012,10625,65.21,0.002407,0.014982,0.001914,49,520625,0.012605,0.003826,2,34,59,0,14,1,0,0,   
476,143707,sp476,CORPK001,29,65.31,0.002405,0.018271,0.000528,29.31,850,0.015925,0.014435,0,12,66,3,11,0,0,0,   
477,144383,sp477,CORPK008,16,65.19,0.002404,0.017011,0.000431,15.06,241,0.014678,0.011154,1,21,81,3,11,1,0,0,   
478,144370,sp478,CORPK008,1,65,0.002401,0.0148,0.000012,16,16,0.012447,0.009425,0,10,67,3,6,2,1,0,   
479,146295,sp479,CORPK041,6,64.83,0.00239,0.006489,0.000011,2.5,15,0.004054,0.003002,0,5,59,0,1,1,0,0,   
480,145199,sp480,CORPK023,12,64.75,0.002389,0.012469,0.000458,44.67,536,0.010082,0.008221,1,20,76,2,33,1,2,0,   
481,146318,sp481,CORPK041,3,65,0.002386,0.018261,0.002397,8,24,0.01589,0.00785,0,15,53,2,3,1,2,0,   
482,144605,sp482,CORPK016,615,64.16,0.002368,0.008527,0.000568,17,10455,0.00615,0.000961,0,23,53,0,4,2,0,0,   
483,145468,sp483,CORPK031,3160,64.08,0.002365,0.008332,0.00071,22.83,72158,0.005963,0.002997,0,17,80,0,15,1,1,0,   
484,146115,sp484,CORPK039,32650,64.07,0.002365,0.005061,0.000579,36.58,1194391,0.002698,0.000553,2,29,99,0,24,2,0,0,   
485,145467,sp485,CORPK031,9,64.11,0.002364,0.003546,0.000495,23.33,210,0.001161,0,0,18,80,0,15,1,2,0,   
486,144933,sp486,CORPK020,17,63.94,0.002363,0.010675,0.000244,31.82,541,0.008303,0.000828,0,25,82,0,8,2,3,0,   
487,145613,sp487,CORPK032,2,64,0.002357,0.008079,0.000032,16,32,0.005752,0.004578,0,23,111,1,10,1,0,0,   
488,147076,sp488,CORPK109,61,63.33,0.00234,0.010939,0.000245,12.75,778,0.008582,0.000804,0,13,50,0,1,3,0,0,   
489,145482,sp489,CORPK031,13,63.31,0.002338,0.003996,0.00054,20.69,269,0.001484,0.000592,0,13,48,0,8,0,1,0,   
490,148633,sp490,CORPK160,118,63.32,0.002337,0.007185,0.000924,20.03,2363,0.00471,0.002771,0,17,71,0,11,0,1,0,   
491,144926,sp491,CORPK020,1,63,0.002329,0.0198,0.000776,16,16,0.017575,0.013682,1,19,60,4,4,2,1,0,   
492,146111,sp492,CORPK039,5,63,0.002328,0.007649,0.000196,13.8,69,0.005281,0.000259,0,21,85,0,6,2,0,1,   
493,145484,sp493,CORPK031,23,63,0.002323,0.003677,0.000721,20.74,477,0.001321,0.0006,0,13,49,0,7,0,1,0,   
494,144195,sp494,CORPK006,28958,62.25,0.002298,0.007535,0.000615,22.18,642189,0.005269,0.003003,0,22,57,0,9,0,0,0,   
495,143695,sp495,CORPK001,3,62.33,0.002292,0.002348,0.000022,17,51,0.000022,0,0,11,72,0,9,1,0,0,   
496,145186,sp496,CORPK023,15,61.47,0.00227,0.013451,0.000535,11,165,0.011206,0.007803,0,13,46,1,4,1,0,0,   
497,146495,sp497,CORPK044,1,61,0.002265,0.246381,0.000061,3,3,0.244388,0.037434,0,16,30,12,1,1,0,0,   
498,145606,sp498,CORPK032,40,61.07,0.002255,0.028415,0.000741,10.72,429,0.026288,0.017783,0,17,62,4,3,1,0,0,   
499,146596,sp499,CORPK047,8802,60.92,0.002249,0.011536,0.000573,23.81,209610,0.009312,0.007152,0,10,56,2,13,0,0,0,   
500,143918,sp500,CORPK002,33,60.91,0.002247,0.007786,0.000375,13.06,431,0.005567,0.00349,0,13,58,1,7,2,0,0,   
501,144771,sp501,CORPK018,4477,60.25,0.002225,0.004752,0.00064,13.84,61978,0.002593,0.000103,0,22,69,0,7,0,1,0,   
502,146680,sp502,CORPK048,2,60,0.002215,0.029499,0.00026,13,26,0.027382,0.023072,1,19,46,4,9,1,1,0,   
503,145485,sp503,CORPK031,151,59.64,0.002202,0.005069,0.001776,19.46,2939,0.002708,0.000932,0,11,50,0,6,0,1,0,   
504,145469,sp504,CORPK031,9,59.33,0.00219,0.006836,0.000754,22,198,0.004696,0.002598,0,15,77,0,15,1,2,0,   
505,148619,sp505,CORPK160,169,58.91,0.002175,0.00436,0.000707,25.5,4309,0.002082,0.000581,0,12,61,0,12,1,0,0,   
506,145614,sp506,CORPK032,2796,58.67,0.002167,0.012767,0.000457,13.03,36427,0.010659,0.006782,0,18,66,1,5,1,1,0,   
507,146982,sp507,CORPK106,6,58.5,0.002165,0.013296,0.000479,12,72,0.01114,0.01066,0,7,61,3,0,4,0,0,   
508,144262,sp508,CORPK007,114,58.18,0.002149,0.013338,0.000606,20.88,2380,0.011231,0.007179,1,18,52,1,9,0,0,0,   
509,146114,sp509,CORPK039,3450,57.61,0.002128,0.003843,0.00061,28.01,96619,0.001655,0.000998,0,12,61,0,6,1,0,0,   
510,144761,sp510,CORPK018,4818,57.48,0.002123,0.003385,0.000661,31.04,149543,0.001234,0.000565,1,23,72,0,17,1,1,0,   
511,145610,sp511,CORPK032,147,56.66,0.002093,0.022172,0.000467,7,1029,0.020208,0.0161,0,16,57,4,3,1,2,0,   
512,147452,sp512,CORPK116,86,56.58,0.00209,0.031803,0.000642,8.72,750,0.029776,0.027326,0,5,152,8,2,0,0,0,   
513,143829,sp513,CORPK002,312,56.51,0.002088,0.028911,0.000772,13.58,4238,0.026823,0.025262,0,9,53,3,2,0,1,0,   
514,145475,sp514,CORPK031,19,56.32,0.002083,0.003486,0.00105,20.47,389,0.001362,0.000082,0,14,64,0,9,0,1,0,   
515,144369,sp515,CORPK008,52,55.85,0.002065,0.027083,0.000426,9.96,518,0.025093,0.023005,0,8,36,4,5,1,0,0,   
516,144719,sp516,CORPK018,4,55.75,0.002064,0.083995,0.000744,8,32,0.08208,0.016577,0,13,31,6,2,2,0,0,   
517,148500,sp517,CORPK147,1,56,0.00206,0.01398,0.002031,12,12,0.011909,0.009211,0,19,45,2,6,4,0,1,   
518,148622,sp518,CORPK160,3050,55.36,0.002046,0.003435,0.001109,26,79308,0.001176,0.00003,0,15,57,0,13,0,0,0,   
519,144925,sp519,CORPK020,21,55.33,0.002043,0.007655,0.000776,13.71,288,0.005653,0.002495,0,16,56,1,5,0,0,0,   
520,147444,sp520,CORPK116,6,54.83,0.002025,0.003245,0.000038,9.83,59,0.001096,0.001059,0,8,64,1,3,2,0,0,   
521,145480,sp521,CORPK031,64,54.3,0.002006,0.005647,0.000757,20.31,1300,0.003502,0.001095,0,14,66,0,8,1,2,0,   
522,147265,sp522,CORPK111,195,54.22,0.002004,0.002613,0.000263,11,2145,0.000548,0.000285,0,7,42,0,2,2,0,0,   
523,146728,sp523,CORPK065,57,54.16,0.002001,0.004405,0.001532,38.09,2171,0.002389,0.000828,0,5,47,0,7,0,0,0,   
524,143828,sp524,CORPK002,1114,53.58,0.00198,0.027043,0.000195,4,4456,0.025115,0.019743,0,11,41,3,1,1,0,0,   
525,144475,sp525,CORPK009,6,53.67,0.001976,0.017226,0.000558,19,114,0.015252,0.01277,1,14,57,2,15,0,0,0,   
526,147457,sp526,CORPK116,1,53,0.001973,0.007941,0,11,11,0.005845,0.005845,0,9,70,1,3,3,0,0,   
527,146962,sp527,CORPK105,1489,53.01,0.001959,0.03385,0.000337,7.25,10789,0.032004,0.03127,0,9,191,8,1,1,1,0,   
528,145200,sp528,CORPK023,4125,52.77,0.001951,0.007765,0.000494,16.21,66857,0.00586,0.002266,0,17,71,0,6,1,1,0,   
529,145895,sp529,CORPK036,12,52,0.001925,0.031276,0.000215,8,96,0.029447,0.026729,0,14,45,5,4,1,2,0,   
530,143844,sp530,CORPK002,10033,51.32,0.001898,0.008081,0.000443,19.03,190896,0.006202,0.00366,0,13,53,0,6,1,1,0,   
531,147319,sp531,CORPK111,52,51.12,0.001892,0.003035,0.00098,9,468,0.00098,0,0,5,33,0,0,2,0,0,   
532,146722,sp532,CORPK065,346,51.05,0.001887,0.002476,0.000381,24.26,8394,0.000565,0.000184,0,11,128,0,12,0,0,0,   
533,146961,sp533,CORPK105,827,50.84,0.001881,0.002861,0.00057,10,8272,0.000814,0.000233,0,7,60,0,1,3,0,0,   
534,145072,sp534,CORPK021,4,50.75,0.001877,0.054032,0.044831,17,68,0.051744,0.002641,0,11,41,1,6,2,0,0,   
535,147466,sp535,CORPK116,973,50.65,0.001873,0.009423,0.000269,13.31,12950,0.007545,0.005909,0,18,58,1,11,1,0,0,   
536,147262,sp536,CORPK111,1209,50.57,0.00187,0.00289,0.000518,9,10881,0.000945,0.000412,0,5,36,0,0,2,0,0,   
537,143855,sp537,CORPK002,228,50.04,0.001851,0.007868,0.000399,7,1596,0.006043,0.002181,0,15,61,1,5,1,0,0,   
538,146112,sp538,CORPK039,1,50,0.001842,0.016626,0.000028,16,16,0.014813,0.001474,2,22,51,1,12,1,0,0,   
539,145481,sp539,CORPK031,258,49.68,0.001839,0.00675,0.001162,18.26,4711,0.004863,0.000686,0,11,63,0,7,1,1,0,   
540,145090,sp540,CORPK021,14,49.5,0.001836,0.004153,0.000889,14,196,0.002325,0.00019,0,15,52,0,7,1,2,0,   
541,144511,sp541,CORPK012,3135940,49.46,0.00183,0.005454,0.000975,40.5,127004223,0.003645,0.000774,1,25,82,0,19,1,0,0,   
542,143708,sp542,CORPK001,445,49.24,0.001822,0.009825,0.000353,24.07,10709,0.00802,0.00697,0,10,67,1,11,0,0,0,   
543,144666,sp543,CORPK017,21,49,0.001816,0.006392,0.000291,18,378,0.004596,0.00235,0,19,51,0,13,1,1,0,   
544,145432,sp544,CORPK029,17,49.24,0.001816,0.009405,0.000266,7.59,129,0.007615,0.002751,0,16,33,0,3,1,0,0,   
545,144785,sp545,CORPK019,129,48.96,0.001811,0.00273,0.000529,16.28,2100,0.000867,0.000338,0,11,108,0,5,1,0,0,   
546,147282,sp546,CORPK111,125,48.82,0.001807,0.011251,0.001202,6,750,0.009398,0.008196,0,9,53,0,2,2,0,0,   
547,143860,sp547,CORPK002,1123,48.71,0.001803,0.011829,0.000267,4.36,4892,0.010072,0.00669,0,16,62,1,1,0,1,0,   
548,143843,sp548,CORPK002,8,48.75,0.001798,0.006616,0.000292,6,48,0.004784,0,0,17,63,0,4,0,1,0,   
549,143982,sp549,CORPK003,13,48.23,0.001781,0.018208,0.000125,11.54,150,0.016464,0.014873,0,16,42,4,6,0,1,0,   
550,147846,sp550,CORPK132,443,47.86,0.001771,0.003508,0.000387,11,4874,0.001705,0.000052,0,7,28,0,3,1,0,0,   
551,147456,sp551,CORPK116,113,47.58,0.00176,0.003937,0.000684,9.3,1051,0.001978,0.00125,0,7,62,0,1,3,0,0,   
552,147327,sp552,CORPK111,13,47.31,0.001751,0.004635,0.001938,14,182,0.0027,0.000763,0,9,52,0,2,2,2,0,   
553,144717,sp553,CORPK018,4,47.25,0.00175,0.015409,0.000321,12,48,0.013736,0.013414,0,11,47,5,5,1,1,0,   
554,146183,sp554,CORPK040,104,47.29,0.001749,0.005661,0.000594,19.46,2024,0.003867,0.00306,0,9,76,0,12,0,0,0,   
555,144199,sp555,CORPK006,1,47,0.001742,0.016866,0.000044,7,7,0.015191,0.013966,1,12,52,3,5,1,0,0,   
556,144915,sp556,CORPK020,80,47.05,0.001741,0.007393,0.000218,18.38,1470,0.005646,0.002966,0,13,46,0,5,1,0,0,   
557,145477,sp557,CORPK031,56,47.02,0.00174,0.005172,0.000412,19.04,1066,0.003386,0.002166,0,12,48,0,7,0,1,0,   
558,148022,sp558,CORPK135,3,46.67,0.001738,0.024674,0.000002,9,27,0.022981,0.005613,0,13,41,2,5,1,1,0,   
559,147584,sp559,CORPK118,31,46.97,0.001738,0.010576,0.000448,8.48,263,0.00879,0.008342,0,5,46,3,0,3,0,0,   
560,146300,sp560,CORPK041,4,47,0.001728,0.019236,0.000002,7,28,0.017578,0.016268,0,10,26,4,3,1,1,0,   
561,148247,sp561,CORPK140,11,46.73,0.001726,0.002106,0.000329,83.64,920,0.000329,0,0,11,115,0,46,1,0,1,   
562,145478,sp562,CORPK031,69,46.42,0.001719,0.006161,0.000433,18.01,1243,0.004421,0.00125,0,11,53,0,8,0,1,0,   
563,146684,sp563,CORPK049,248,46.07,0.001704,0.008868,0.000528,13.86,3437,0.007189,0.002777,0,15,38,1,7,1,0,0,   
564,143976,sp564,CORPK003,332,45.92,0.001701,0.006806,0.000438,18.94,6288,0.005094,0.001295,0,21,47,0,8,1,0,0,   
565,144928,sp565,CORPK020,7,45.57,0.001693,0.014155,0.000283,11,77,0.012507,0.009274,0,17,56,2,6,2,0,0,   
566,144930,sp566,CORPK020,3372,45.65,0.001691,0.004461,0.000349,8.98,30268,0.002769,0.000727,0,13,36,0,4,0,0,0,   
567,143998,sp567,CORPK003,4300,45.18,0.001673,0.004585,0.000588,26,111800,0.002887,0.000315,1,24,66,0,14,1,1,0,   
568,146310,sp568,CORPK041,270,44.86,0.001663,0.016985,0.000274,11,2970,0.015408,0.013499,0,12,63,2,6,1,2,0,   
569,147453,sp569,CORPK116,187,44.61,0.001652,0.002689,0.000583,11.72,2191,0.000903,0.00032,0,7,80,0,3,3,0,0,   
570,147280,sp570,CORPK111,119,44.49,0.001647,0.006211,0.000333,8.68,1033,0.00456,0.002314,0,10,42,0,2,1,0,0,   
571,145605,sp571,CORPK032,14974,44.27,0.00164,0.00516,0.000513,27.78,416022,0.003516,0.00001,0,9,47,0,7,1,1,0,   
572,147828,sp572,CORPK132,176,43.91,0.001629,0.002373,0.000412,15.5,2728,0.000656,0.000227,0,5,55,0,3,2,0,0,   
573,144994,sp573,CORPK021,32,43.84,0.001625,0.011594,0.000094,4.5,144,0.009966,0.007841,0,9,36,1,1,1,1,0,   
574,145707,sp574,CORPK034,16,43.81,0.001624,0.007626,0.000555,7.56,121,0.006041,0.002359,0,8,77,2,4,1,1,0,   
575,146424,sp575,CORPK042,6,43.67,0.00162,0.006421,0.000094,10,60,0.004771,0.002375,0,9,25,0,5,1,0,0,   
576,144598,sp576,CORPK016,385,43.6,0.001616,0.003761,0.000334,11.12,4282,0.002153,0.000133,0,16,52,0,5,1,0,0,   
577,146496,sp577,CORPK044,1,44,0.001614,0.097226,0.000001,3,3,0.095753,0.012358,0,14,18,5,1,1,0,0,   
578,146724,sp578,CORPK065,2091,43.48,0.001611,0.006604,0.000323,15.55,32511,0.005033,0.002815,0,11,58,0,3,0,0,0,   
579,147611,sp579,CORPK119,52,42.92,0.001593,0.003625,0.000558,7.15,372,0.001941,0.001383,0,6,53,0,1,2,0,0,   
580,146397,sp580,CORPK042,356,42.97,0.001592,0.007088,0.000344,11.76,4188,0.005513,0.003631,0,13,46,0,5,1,0,0,   
581,146307,sp581,CORPK041,112,42.72,0.001583,0.012522,0.000244,8,896,0.010987,0.009187,0,9,37,3,5,1,1,0,   
582,146723,sp582,CORPK065,51472,42.64,0.00158,0.002273,0.000353,18.37,945312,0.00067,0.0003,0,11,115,0,9,1,0,0,   
583,145607,sp583,CORPK032,40,42.13,0.001563,0.004366,0.000279,5.7,228,0.00279,0,0,13,38,0,1,1,1,0,   
584,144931,sp584,CORPK020,4080,42.07,0.001559,0.004415,0.000419,8,32635,0.002863,0.000685,0,12,31,0,3,1,0,0,   
585,144192,sp585,CORPK006,79,42,0.001557,0.005259,0.000724,14.91,1178,0.003701,0.000967,0,8,32,0,3,1,1,0,   
586,144521,sp586,CORPK014,18397,41.93,0.001554,0.006928,0.00028,5.93,109144,0.00538,0.001266,0,18,57,0,3,0,1,0,   
587,147346,sp587,CORPK112,3462,41.72,0.001546,0.002458,0.000191,6.01,20792,0.000876,0.000677,0,7,41,0,3,1,0,0,   
588,145194,sp588,CORPK023,2,41.5,0.001537,0.021255,0.000265,6,12,0.019818,0.017175,2,12,24,4,3,1,1,0,   
589,147707,sp589,CORPK123,69,41.32,0.001531,0.011079,0.000231,13,897,0.009566,0.009226,0,6,91,3,2,1,1,0,   
590,145812,sp590,CORPK034,319,41.13,0.001525,0.01002,0.000745,15,4785,0.008541,0.0045,0,13,33,1,5,1,0,0,   
591,145476,sp591,CORPK031,3,41,0.001522,0.002011,0.000311,17.33,52,0.000623,0,0,11,49,0,7,0,1,0,   
592,147838,sp592,CORPK132,171,40.29,0.001493,0.006856,0.000392,18.17,3107,0.005263,0.004721,0,11,51,1,7,1,0,0,   
593,145596,sp593,CORPK032,16,40.19,0.001491,0.036325,0.001213,9.19,147,0.034861,0.005331,0,15,27,0,5,1,0,0,   
594,144043,sp594,CORPK004,8368,40.17,0.001489,0.002082,0.000402,36.01,301311,0.000579,0.000015,1,10,41,0,11,0,0,0,   
595,144662,sp595,CORPK017,443,40.02,0.001482,0.008044,0.000287,10.95,4853,0.006601,0.005011,0,12,37,1,5,0,0,0,   
596,143848,sp596,CORPK002,80,39.86,0.001477,0.008247,0.000373,4.97,398,0.006765,0.003123,0,17,42,0,3,0,0,0,   
597,148036,sp597,CORPK135,5,39.6,0.001476,0.006575,0.000052,14,70,0.005083,0.003912,0,9,30,1,2,1,1,0,   
598,146858,sp598,CORPK102,1922,39.79,0.001476,0.00419,0.000291,11.17,21476,0.002716,0.000863,0,9,35,0,5,0,0,0,   
599,147367,sp599,CORPK115,2500,39.7,0.001472,0.001989,0.000333,6.49,16214,0.000412,0.00007,0,5,47,0,0,3,0,0,   
600,146308,sp600,CORPK041,8556,39.31,0.001458,0.004835,0.00039,12.66,108351,0.003378,0.00104,0,12,35,0,6,1,1,0,   
601,144519,sp601,CORPK014,13294,39.16,0.001453,0.007888,0.000341,12,159496,0.006439,0.004207,0,7,32,0,5,1,0,0,   
602,144254,sp602,CORPK007,4782,39.03,0.001448,0.003426,0.000339,14.39,68796,0.001974,0.00162,0,12,59,1,11,0,0,0,   
603,146423,sp603,CORPK042,3029,38.9,0.001443,0.002166,0.000645,11.79,35704,0.000655,0.00001,0,9,40,0,7,1,0,0,   
604,144932,sp604,CORPK020,2,39,0.001443,0.01532,0.00004,5,10,0.013903,0.0126,0,12,35,2,2,2,0,0,   
605,143979,sp605,CORPK003,4,38.75,0.001441,0.006787,0.000027,7,28,0.005396,0.002214,0,7,20,2,2,1,0,0,   
606,147613,sp606,CORPK119,240,38.67,0.001435,0.001959,0.000169,6,1441,0.000392,0.000224,0,5,34,0,1,2,0,0,   
607,145708,sp607,CORPK034,13,38.62,0.001431,0.006119,0.001018,7,91,0.004706,0.001159,0,11,20,1,1,1,0,0,   
608,147840,sp608,CORPK132,2,38,0.00141,0.002747,0.000259,20,40,0.001339,0.000262,1,10,40,0,10,1,0,0,   
609,145430,sp609,CORPK029,5815,37.87,0.001405,0.002392,0.000522,17.68,102792,0.000947,0.000412,0,15,56,0,9,1,0,0,   
610,146960,sp610,CORPK105,3149,37.74,0.001401,0.002201,0.000503,9.04,28472,0.000706,0.000182,0,5,38,0,0,2,0,0,   
611,147612,sp611,CORPK119,377,37.56,0.001395,0.00238,0.000288,6,2262,0.000868,0.00058,0,5,33,0,1,2,0,0,   
612,143869,sp612,CORPK002,696,37.57,0.001394,0.004435,0.000231,8.96,6238,0.003052,0.000046,0,20,47,0,6,1,1,0,   
613,146720,sp613,CORPK065,52906,37.49,0.001391,0.002082,0.000489,22.6,1195422,0.00065,0.000151,0,11,107,0,12,0,0,0,   
614,145609,sp614,CORPK032,3903,37.34,0.001386,0.011397,0.00027,8,31224,0.010038,0.006519,0,12,26,1,3,1,0,0,   
615,144923,sp615,CORPK020,4,37.5,0.001386,0.007584,0.000495,9,36,0.005966,0.005471,1,10,39,2,6,1,0,0,   
616,143693,sp616,CORPK001,66,37.29,0.001384,0.0051,0.000204,7.12,470,0.003722,0.002722,0,5,44,1,3,0,0,0,   
617,144376,sp617,CORPK008,200684,36.76,0.001365,0.007429,0.000391,23.07,4628996,0.006087,0.005693,0,17,57,1,19,0,0,0,   
618,145458,sp618,CORPK030,33,36.48,0.001357,0.004656,0.000279,5,165,0.00333,0.000984,0,6,18,2,1,1,0,0,   
619,144772,sp619,CORPK018,28,36.43,0.001355,0.004095,0.000307,17,476,0.002753,0.001174,0,11,36,1,3,2,1,0,   
620,144197,sp620,CORPK006,36,36.53,0.001352,0.007008,0.000307,16.22,584,0.005645,0.00231,0,14,36,0,9,1,0,0,   
621,144801,sp621,CORPK019,16,36.31,0.001349,0.025442,0.000355,9.44,151,0.024176,0.02194,0,8,28,3,6,0,0,0,   
622,147823,sp622,CORPK132,106,36.13,0.00134,0.002024,0.000356,7.66,812,0.000553,0.000197,0,5,34,0,4,1,0,0,   
623,146981,sp623,CORPK106,11,36.09,0.00134,0.002804,0.00002,5,55,0.001474,0.001454,0,5,42,1,0,3,0,0,   
624,146649,sp624,CORPK048,7,35.43,0.001314,0.012215,0.000127,10.43,73,0.010887,0.006386,0,9,40,1,7,2,0,0,   
625,147829,sp625,CORPK132,360,34.91,0.001297,0.002004,0.000555,14.13,5085,0.000641,0.000085,0,6,55,0,5,1,0,0,   
626,144670,sp626,CORPK017,17,34.88,0.001294,0.007195,0.000095,7,119,0.005914,0.00286,0,10,26,1,4,1,1,0,   
627,144042,sp627,CORPK004,4,34.5,0.001293,0.019759,0.000117,14.5,58,0.01849,0.009445,0,12,36,1,8,1,0,0,   
628,143868,sp628,CORPK002,275,34.79,0.001293,0.003023,0.000236,10,2750,0.001718,0.000006,0,15,40,0,6,1,2,0,   
629,147458,sp629,CORPK116,7919,34.74,0.001291,0.003318,0.000475,10.45,82788,0.001909,0.001394,0,6,60,0,3,2,0,0,   
630,146315,sp630,CORPK041,1,35,0.001283,0.002278,0.000104,9,9,0.001037,0.000933,0,10,34,3,5,2,1,0,   
631,146729,sp631,CORPK065,3,34.33,0.001271,0.019143,0.000178,5,15,0.017937,0.00567,0,7,23,4,1,1,0,0,   
632,146499,sp632,CORPK044,3,34.33,0.00127,0.041524,0.000198,4,12,0.040309,0.010209,0,14,18,3,2,1,0,0,   
633,148501,sp633,CORPK147,7,34,0.001265,0.018345,0.000167,7,49,0.017165,0.013555,0,12,21,4,3,3,0,0,   
634,143867,sp634,CORPK002,468,33.94,0.001261,0.00313,0.000295,10,4680,0.001855,0.000006,0,15,42,0,6,1,2,0,   
635,145897,sp635,CORPK036,6,33.67,0.001257,0.008457,0.000366,5,30,0.007261,0.001729,0,11,17,2,2,1,0,0,   
636,147454,sp636,CORPK116,21938,33.72,0.001253,0.003148,0.000489,10.83,237644,0.001789,0.001268,0,6,64,0,2,4,0,0,   
637,144188,sp637,CORPK006,295,33.62,0.00125,0.006181,0.000264,10,2950,0.004935,0.002437,0,8,28,0,5,1,0,1,   
638,144266,sp638,CORPK007,1,34,0.001248,0.004632,0.000375,3,3,0.003416,0.000739,0,6,24,1,1,1,0,0,   
639,143706,sp639,CORPK001,319,33.5,0.001246,0.02493,0.019399,14.79,4719,0.023699,0.002838,1,10,32,0,5,0,0,0,   
640,145598,sp640,CORPK032,4094,33.43,0.001243,0.010066,0.000266,4.77,19509,0.008902,0.006899,0,8,40,1,2,1,0,0,   
641,144263,sp641,CORPK007,3692,32.78,0.001219,0.002213,0.000301,27.1,100041,0.001002,0.000091,0,11,39,0,13,0,0,0,   
642,144924,sp642,CORPK020,118,32.62,0.001215,0.005503,0.000182,7.78,918,0.004302,0.000441,0,10,27,0,3,1,0,0,   
643,147859,sp643,CORPK132,26,32.58,0.001211,0.005802,0.000296,9.92,258,0.004597,0.001211,1,11,27,0,5,1,0,0,   
644,146302,sp644,CORPK041,3186,32.49,0.001208,0.006859,0.000279,5,15931,0.005747,0.003658,0,9,36,0,1,1,0,0,   
645,147821,sp645,CORPK132,10,32.3,0.001201,0.003138,0.000002,7,70,0.001919,0.001918,0,4,27,1,1,1,0,0,   
646,145748,sp646,CORPK034,1305,32.21,0.001198,0.002822,0.000215,4,5220,0.001616,0.000027,0,5,22,0,1,1,0,0,   
647,145189,sp647,CORPK023,14,32.14,0.001197,0.005943,0.00049,35.07,491,0.004753,0.002725,1,10,47,0,28,1,0,0,   
648,144480,sp648,CORPK009,82,32.05,0.001193,0.006026,0.000243,7.98,654,0.004831,0.004293,0,6,20,0,7,0,0,0,   
649,147579,sp649,CORPK118,10,32,0.001192,0.007863,0.000322,6,60,0.006619,0.006297,0,3,28,1,0,2,0,0,   
650,145612,sp650,CORPK032,18,32,0.001187,0.008145,0.000486,8,144,0.006975,0.004883,0,9,28,1,6,1,0,0,   
651,145896,sp651,CORPK036,683,31.8,0.001183,0.015579,0.000277,7,4781,0.014433,0.011267,0,10,27,1,3,1,0,0,   
652,147368,sp652,CORPK115,638,31.68,0.001179,0.00149,0.000166,5.71,3645,0.000219,0.000053,0,4,31,0,0,1,0,0,   
653,143987,sp653,CORPK003,4,31.5,0.001177,0.01287,0.000355,7.25,29,0.011639,0.009428,1,7,19,3,4,1,0,0,   
654,143873,sp654,CORPK002,458,31.48,0.001171,0.016536,0.000407,7.44,3407,0.015394,0.014987,0,7,29,4,2,0,0,0,   
655,147455,sp655,CORPK116,414,30.87,0.001149,0.001695,0.000437,9.22,3817,0.00045,0.000013,0,5,67,0,0,4,0,0,   
656,148503,sp656,CORPK147,62,30.6,0.00114,0.003432,0.000034,3,186,0.002289,0.001302,0,5,28,0,1,1,0,0,   
657,145830,sp657,CORPK034,1,31,0.001139,0.015307,0.000262,6,6,0.014225,0.005289,1,8,18,2,3,1,1,0,   
658,147585,sp658,CORPK118,23,30.39,0.001132,0.002235,0.000147,7.35,169,0.001082,0.000935,0,4,35,0,0,2,0,0,   
659,146498,sp659,CORPK044,3,30.67,0.00113,0.034145,0.000037,3,9,0.033118,0.009208,0,8,18,4,1,1,1,0,   
660,144600,sp660,CORPK016,34,30.35,0.00113,0.010687,0.000409,8,272,0.009572,0.001649,0,12,16,0,2,1,0,0,   
661,146650,sp661,CORPK048,6037,30.09,0.00112,0.00436,0.000223,10.48,63275,0.003236,0.001342,0,9,36,0,6,2,0,0,   
662,147369,sp662,CORPK115,51,29.73,0.001107,0.009509,0.000189,5,255,0.008344,0.006166,0,11,40,1,2,1,1,0,   
663,143997,sp663,CORPK003,10,29.7,0.001106,0.006879,0.00015,5,50,0.005794,0.003198,0,11,25,0,2,1,0,0,   
664,148504,sp664,CORPK147,2,29.5,0.001093,0.147225,0.000107,2,4,0.146245,0.017231,0,5,22,4,1,1,0,0,   
665,147266,sp665,CORPK111,195,29.16,0.001087,0.001888,0.000634,11,2145,0.000776,0.000112,0,4,35,0,2,2,0,0,   
666,144478,sp666,CORPK009,6178,29.18,0.001087,0.00318,0.000212,11.41,70488,0.002086,0.00124,0,7,45,0,7,0,0,0,   
667,145623,sp667,CORPK032,88125,29.18,0.001087,0.006322,0.001802,14,1233750,0.005234,0.00007,0,11,20,0,3,1,0,0,   
668,147820,sp668,CORPK132,59,29.12,0.001084,0.003034,0.00018,7.49,442,0.001833,0.001653,0,3,25,0,0,1,0,0,   
669,144720,sp669,CORPK018,7,29,0.001082,0.002838,0.000379,8.14,57,0.001728,0,0,7,19,0,5,0,0,0,   
670,143839,sp670,CORPK002,6794,28.85,0.001075,0.00404,0.000219,14,95086,0.002954,0.001095,0,6,32,0,5,0,0,0,   
671,148231,sp671,CORPK140,6,29,0.001074,0.006692,0.000002,8,48,0.005618,0.005616,0,7,64,1,3,1,1,0,   
672,144041,sp672,CORPK004,85388,28.81,0.001073,0.003351,0.000165,11,939268,0.002263,0.000272,0,8,36,0,7,1,0,0,   
673,147580,sp673,CORPK118,608,28.77,0.001073,0.001756,0.000247,7,4257,0.000555,0.000308,0,3,28,0,0,2,0,0,   
674,146384,sp674,CORPK041,2207,28.7,0.001069,0.002158,0.000505,10.2,22520,0.001053,0.000538,0,5,52,0,2,2,0,0,   
675,146533,sp675,CORPK045,5582,28.64,0.001068,0.005573,0.001422,15,83730,0.004494,0.000008,0,8,20,0,3,1,1,0,   
676,147525,sp676,CORPK117,36,28.58,0.001066,0.005176,0.000179,6,216,0.004108,0.000095,0,9,30,0,3,2,0,0,   
677,146161,sp677,CORPK040,8,28.5,0.001057,0.020738,0.000287,5.38,43,0.019734,0.018546,0,5,22,3,4,0,0,0,   
678,148554,sp678,CORPK153,44,28.14,0.001049,0.006939,0.000149,5.32,234,0.005683,0.005462,0,2,21,1,0,1,0,0,   
679,144194,sp679,CORPK006,4216,27.98,0.001043,0.007971,0.000203,8.69,36655,0.006953,0.004915,0,5,19,1,2,1,0,0,   
680,144479,sp680,CORPK009,7791,27.17,0.001014,0.006366,0.000073,2.5,19443,0.005352,0.004201,0,2,14,0,1,0,0,0,   
681,143689,sp681,CORPK001,7,27.14,0.001011,0.005322,0.000042,11,77,0.004341,0.003178,0,10,26,1,7,1,0,0,   
682,147523,sp682,CORPK117,758,27.01,0.001008,0.001255,0.000181,9,6822,0.000236,0.000055,0,3,22,0,0,1,0,0,   
683,146663,sp683,CORPK048,222,26.77,0.000997,0.010663,0.000237,7.01,1556,0.009689,0.009452,0,8,25,1,5,1,0,0,   
684,148236,sp684,CORPK140,138,26.75,0.000997,0.004273,0.001546,9.21,1271,0.003257,0.001704,0,8,28,0,5,1,0,0,   
685,147826,sp685,CORPK132,172,26.65,0.000994,0.003093,0.000176,10.24,1762,0.002015,0.001839,0,4,24,0,2,2,0,0,   
686,144939,sp686,CORPK020,2459,26.62,0.000993,0.005075,0.00018,8.07,19833,0.004099,0.002332,0,7,29,1,5,1,0,0,   
687,144124,sp687,CORPK005,536,26.52,0.00099,0.002711,0.000207,17.27,9256,0.001701,0.000003,0,7,24,0,2,0,1,0,   
688,147459,sp688,CORPK116,3,26,0.00097,0.008371,0.000011,6,18,0.007413,0.007402,0,6,40,1,1,1,1,0,   
689,145367,sp689,CORPK025,2,26,0.000965,0.043655,0,1,2,0.042782,0.022789,0,3,6,5,0,1,0,0,   
690,147320,sp690,CORPK111,52,25.46,0.000952,0.002063,0.00098,9,468,0.000987,0.000006,0,3,36,0,0,2,0,0,   
691,148092,sp691,CORPK136,17,25.41,0.000951,0.005973,0.000129,3.53,60,0.00502,0.002879,0,9,24,0,2,0,0,0,   
692,146863,sp692,CORPK102,2910,24.99,0.000933,0.001325,0.000279,51.37,149488,0.000367,0.000088,0,6,58,0,25,1,0,0,   
693,144724,sp693,CORPK018,2431,24.96,0.000933,0.001869,0.000482,10,24310,0.000913,0.00043,0,9,17,0,2,1,1,0,   
694,147841,sp694,CORPK132,2,25,0.00093,0.015637,0.000268,15,30,0.01474,0.014033,0,2,14,1,4,1,0,0,   
695,146849,sp695,CORPK102,9,24.89,0.00093,0.005314,0.000066,6.44,58,0.004383,0.003223,1,8,26,0,5,1,0,0,   
696,146664,sp696,CORPK048,3637,24.84,0.000928,0.014292,0.000233,6.01,21852,0.013401,0.013166,0,7,23,2,3,1,0,0,   
697,143865,sp697,CORPK002,270,24.83,0.000928,0.005091,0.000175,6,1620,0.004182,0.001327,0,12,18,0,3,1,0,0,   
698,145361,sp698,CORPK025,397,24.7,0.000922,0.001554,0.00019,10,3970,0.00063,0.000006,0,5,18,0,4,1,0,0,   
699,146296,sp699,CORPK041,7626,24.65,0.000921,0.007669,0.000248,6.98,53226,0.006746,0.006493,0,6,33,2,1,2,0,0,   
700,144460,sp700,CORPK009,24,24.58,0.000917,0.018925,0.000051,3,72,0.018078,0.015486,0,5,18,3,1,1,0,0,   
701,147264,sp701,CORPK111,1209,24.37,0.000911,0.001513,0.000516,9,10881,0.000561,0.000007,0,2,32,0,0,2,0,0,   
702,147522,sp702,CORPK117,51,24.35,0.000909,0.004742,0.00022,7.33,374,0.003837,0.003616,0,2,35,1,0,2,0,0,   
703,148577,sp703,CORPK159,250,24.26,0.000908,0.005705,0.000146,5,1250,0.004763,0.004616,0,1,18,1,0,1,0,0,   
704,146317,sp704,CORPK041,1914,24.26,0.000907,0.00302,0.000207,7.01,13412,0.002044,0.000093,0,4,13,0,2,1,0,0,   
705,143859,sp705,CORPK002,168,24.15,0.000903,0.002848,0.000153,7,1176,0.001945,0.000299,0,8,21,0,3,1,1,0,   
706,144471,sp706,CORPK009,94,24.11,0.000902,0.020703,0.000142,4,376,0.019877,0.018221,0,6,18,4,3,1,0,0,   
707,146021,sp707,CORPK038,10,23.8,0.000894,0.009512,0.000008,4,40,0.008652,0.008644,0,4,28,2,2,1,0,0,   
708,143688,sp708,CORPK001,276,23.5,0.000879,0.003848,0.000142,10.72,2960,0.002973,0.00259,0,6,20,0,4,0,0,0,   
709,143858,sp709,CORPK002,125,23.07,0.000864,0.002511,0.000067,7,875,0.001642,0.000096,0,8,19,0,3,1,1,0,   
710,146379,sp710,CORPK041,24,23.04,0.000862,0.00299,0.00026,6.5,156,0.002137,0.000503,0,7,13,1,4,1,0,0,   
711,145751,sp711,CORPK034,52,22.96,0.000861,0.003992,0.000306,5,260,0.003143,0.000068,0,8,30,0,2,1,1,0,   
712,144037,sp712,CORPK004,370,22.9,0.000857,0.00301,0.000179,9,3330,0.002158,0.000724,0,8,18,0,4,1,0,0,   
713,145277,sp713,CORPK024,1,23,0.000857,0.015161,0.000021,3,3,0.014368,0.013865,1,9,20,3,1,1,0,1,   
714,147587,sp714,CORPK118,703,22.86,0.000854,0.001234,0.000155,5,3515,0.000267,0.000095,0,2,18,0,0,1,0,0,   
715,148536,sp715,CORPK151,172,22.62,0.000848,0.006173,0.000058,3.72,640,0.005286,0.000005,0,10,18,0,0,3,0,0,   
716,146699,sp716,CORPK050,1350,21.88,0.000819,0.00328,0.000201,5,6752,0.002523,0.000711,0,7,16,0,3,0,0,0,   
717,146959,sp717,CORPK105,2849,21.63,0.000811,0.001288,0.000194,5,14245,0.000419,0.000219,0,4,22,0,0,1,0,0,   
718,145750,sp718,CORPK034,138,21.57,0.000809,0.003514,0.000136,5.3,732,0.002713,0.000196,0,7,22,0,2,0,1,0,   
719,144258,sp719,CORPK007,2,21.5,0.000803,0.004293,0,5,10,0.003507,0.002613,0,5,9,0,2,0,0,0,   
720,147263,sp720,CORPK111,4224,21.39,0.000802,0.001012,0.000127,6,25344,0.000164,0.000034,0,2,18,0,0,1,0,0,   
721,143831,sp721,CORPK002,48,21.04,0.000792,0.003272,0.00024,5.83,280,0.002485,0.000448,0,6,18,0,4,0,0,0,   
722,144127,sp722,CORPK005,526,20.82,0.000781,0.002333,0.000143,17.04,8964,0.001545,0.000005,0,7,17,0,2,0,1,0,   
723,147347,sp723,CORPK112,7,20.71,0.000774,0.008698,0.000008,4,28,0.007932,0.002351,0,6,20,2,3,1,0,0,   
724,147583,sp724,CORPK118,1,20,0.000756,0.014036,0,1,1,0.013308,0.013308,0,2,21,2,0,1,0,0,   
725,143832,sp725,CORPK002,153,19.84,0.000745,0.00302,0.00011,7.07,1081,0.002282,0.000367,0,7,16,0,4,0,0,0,   
726,148240,sp726,CORPK140,5,19.6,0.000741,0.001259,0.000385,6,30,0.000507,0.000122,0,2,14,0,0,1,0,0,   
727,144466,sp727,CORPK009,2,20,0.000739,0.002294,0.000119,4,8,0.001611,0.000646,0,4,8,2,1,1,0,0,   
728,144386,sp728,CORPK008,3273,19.57,0.000735,0.002343,0.00012,6,19642,0.001607,0.000066,0,8,25,0,5,1,0,0,   
729,147824,sp729,CORPK132,65,19.52,0.000733,0.000783,0.000038,7,455,0.000038,0,0,4,26,0,0,1,0,0,   
730,148563,sp730,CORPK154,245,19.19,0.00072,0.001205,0.000173,9.26,2268,0.00041,0.000237,0,3,55,0,0,3,0,0,   
731,148021,sp731,CORPK135,11,19.18,0.000716,0.006452,0.000006,2,22,0.00575,0.000191,0,4,20,0,1,1,0,0,   
732,144938,sp732,CORPK020,67969,18.95,0.000712,0.003721,0.000152,6,407886,0.003026,0.00118,0,6,17,0,3,1,0,0,   
733,146104,sp733,CORPK039,4,18.75,0.000706,0.003502,0.000027,4,16,0.002805,0.000314,0,5,16,0,1,1,0,0,   
734,147839,sp734,CORPK132,5,18.8,0.000704,0.001051,0.000344,13,65,0.000344,0,0,2,15,0,2,1,0,0,   
735,148535,sp735,CORPK151,4740,18.74,0.000704,0.0052,0.000023,3.06,14515,0.004501,0.000325,0,9,18,0,0,3,0,0,   
736,147836,sp736,CORPK132,201,18.67,0.000702,0.000899,0.000126,14.57,2929,0.000184,0.000058,0,3,16,0,4,1,0,0,   
737,147451,sp737,CORPK116,779,18.39,0.000691,0.001271,0.000317,7,5453,0.000525,0.000196,0,3,30,0,1,2,0,0,   
738,148405,sp738,CORPK146,4,18.25,0.000688,0.008624,0,4,16,0.007956,0.004588,0,4,17,1,2,1,0,0,   
739,147468,sp739,CORPK116,160,18.26,0.000688,0.002199,0.000217,5.94,950,0.001509,0,0,5,18,0,4,0,0,0,   
740,147287,sp740,CORPK111,84,18.23,0.000686,0.009907,0.000442,5,420,0.009216,0.008474,0,7,16,1,2,1,1,0,   
741,145599,sp741,CORPK032,14974,18.23,0.000686,0.006164,0.000085,8,119792,0.005501,0.003993,0,4,29,1,1,1,0,0,   
742,148532,sp742,CORPK151,2481,18.14,0.000683,0.004664,0.000039,3.11,7726,0.00397,0.00001,0,9,19,0,0,3,0,0,   
743,145622,sp743,CORPK032,105210,18.06,0.00068,0.004612,0.001435,8,841680,0.003945,0.000002,0,12,20,0,3,1,0,0,   
744,145360,sp744,CORPK025,10329,17.97,0.000677,0.002916,0.000203,11.51,118922,0.002236,0.000116,0,7,20,0,6,1,0,0,   
745,147833,sp745,CORPK132,5,18,0.000671,0.000721,0.000041,16.4,82,0.000041,0,0,5,23,0,3,2,0,0,   
746,144664,sp746,CORPK017,1,18,0.00067,0.002521,0,3,3,0.001816,0,0,5,6,0,1,1,0,0,   
747,146850,sp747,CORPK102,92,17.29,0.000652,0.004192,0.00012,5,460,0.003538,0.001006,0,7,21,0,4,1,0,0,   
748,143854,sp748,CORPK002,167,16.92,0.000638,0.002593,0.000046,5,835,0.001966,0.000515,0,6,19,0,3,1,0,0,   
749,147822,sp749,CORPK132,13,17,0.000636,0.005351,0.000467,6.62,86,0.004723,0.004256,0,2,15,1,1,1,0,0,   
750,145604,sp750,CORPK032,9554,16.72,0.000631,0.002456,0.00013,3,28662,0.001828,0.000011,0,4,16,0,1,1,0,0,   
751,144379,sp751,CORPK008,1,17,0.000629,0.008599,0.000013,2,2,0.007987,0.004729,0,5,5,1,0,1,0,0,   
752,146118,sp752,CORPK039,62,16.4,0.00062,0.005354,0.000091,4.48,278,0.004753,0.001286,0,4,7,1,1,1,0,0,   
753,145279,sp753,CORPK024,24419,16.4,0.000619,0.003444,0.000091,5,122097,0.002875,0.001141,0,7,14,0,4,0,0,0,   
754,146312,sp754,CORPK041,8584,16.36,0.000617,0.001644,0.000416,7.23,62065,0.000981,0.000554,0,5,23,0,3,1,0,1,   
755,148230,sp755,CORPK140,13339,16.14,0.00061,0.00098,0.000164,9.13,121744,0.000364,0.000016,0,8,34,0,8,0,0,0,   
756,145690,sp756,CORPK033,4754,15.9,0.000601,0.001028,0.000177,7.17,34066,0.000421,0.000244,0,4,21,0,7,0,0,0,   
757,144374,sp757,CORPK008,677,15.95,0.000601,0.002611,0.000093,4,2708,0.002011,0.000058,0,6,18,0,2,1,1,0,   
758,145621,sp758,CORPK032,14822,15.36,0.000581,0.004671,0.000112,3,44466,0.004112,0.002439,0,5,17,0,1,1,0,0,   
759,143694,sp759,CORPK001,3,15,0.000576,0.000698,0.00012,8,24,0.00012,0,0,10,19,0,4,1,1,0,   
760,144196,sp760,CORPK006,16,15,0.000568,0.002711,0.000316,5.25,84,0.002162,0.000279,0,5,5,0,2,1,0,0,   
761,144520,sp761,CORPK014,163701,14.7,0.000557,0.002419,0.000129,6,982629,0.001868,0,0,5,7,0,2,1,0,0,   
762,144200,sp762,CORPK006,10020,14.66,0.000555,0.000796,0.000146,6,60138,0.000232,0.000076,0,7,15,0,4,1,0,0,   
763,145600,sp763,CORPK032,17914,14.56,0.000551,0.00836,0.000043,1,17934,0.007838,0.006157,0,3,20,1,0,1,0,0,   
764,144663,sp764,CORPK017,96017,14.51,0.00055,0.002457,0.000096,3,288051,0.001908,0.000259,0,7,18,0,1,1,1,0,   
765,145281,sp765,CORPK024,20,14.35,0.000539,0.003473,0.000076,3.15,63,0.002961,0.001987,0,5,19,1,2,0,0,0,   
766,148411,sp766,CORPK146,87,14.18,0.000539,0.004366,0.000049,3,261,0.003849,0.002407,0,4,10,0,1,1,0,1,   
767,145073,sp767,CORPK021,52571,14.16,0.000537,0.001962,0.000103,4,210284,0.001432,0.001317,0,4,10,0,1,1,0,0,   
768,144036,sp768,CORPK004,167,13.9,0.000527,0.00519,0.000232,3,501,0.004632,0.0044,0,4,19,0,1,1,0,0,   
769,144671,sp769,CORPK017,7442,13.8,0.000524,0.000751,0.000135,2.56,19048,0.000286,0.00007,0,7,23,0,1,1,0,0,   
770,143700,sp770,CORPK001,107,13.76,0.000522,0.003671,0.000028,4,428,0.003156,0.001895,0,4,7,0,2,0,0,0,   
771,144927,sp771,CORPK020,78,13.36,0.000508,0.002303,0.000061,8.33,650,0.001805,0.000232,0,6,9,0,3,0,0,0,   
772,147349,sp772,CORPK112,2016,13.32,0.000506,0.001526,0.000114,3.84,7733,0.001027,0.000873,0,3,14,0,3,0,0,0,   
773,148537,sp773,CORPK151,1836,13.19,0.000501,0.003282,0.00003,2.25,4129,0.002777,0.000012,0,6,15,0,0,2,0,0,   
774,147867,sp774,CORPK132,287,13.09,0.000499,0.002642,0.000069,2.05,589,0.002152,0.000401,0,3,15,0,1,0,0,0,   
775,145669,sp775,CORPK033,100580,13.09,0.000498,0.002014,0.00007,3,302154,0.001518,0,0,5,7,0,1,1,0,0,   
776,148538,sp776,CORPK151,7224,12.89,0.00049,0.002034,0.000062,3,21672,0.001539,0.000013,0,5,18,0,2,1,0,0,   
777,147858,sp777,CORPK132,6,12.83,0.000486,0.006645,0.000007,3,18,0.006181,0.003196,0,4,11,0,1,1,0,0,   
778,145616,sp778,CORPK032,21,12.48,0.000477,0.005225,0.000031,2,42,0.004781,0.00275,0,4,6,1,1,1,0,0,   
779,148019,sp779,CORPK135,11,12.09,0.000462,0.003068,0.000009,2,22,0.002597,0,0,3,6,0,0,1,0,0,   
780,147450,sp780,CORPK116,5,12,0.000457,0.001784,0.001319,5,25,0.001319,0,0,1,18,0,0,1,0,0,   
781,144129,sp781,CORPK005,28,11.86,0.000454,0.00437,0.000006,1,28,0.003942,0.002521,0,3,8,1,0,1,0,0,   
782,144929,sp782,CORPK020,1,12,0.000444,0.008455,0,1,1,0.008046,0.006941,0,6,15,2,0,1,0,0,   
783,148406,sp783,CORPK146,154,11.58,0.000442,0.002102,0.000026,2,308,0.001655,0,0,3,10,0,0,1,0,0,   
784,147460,sp784,CORPK116,11,11.55,0.000442,0.002483,0.00007,5,55,0.002051,0.001981,0,1,18,0,0,1,0,0,   
785,145619,sp785,CORPK032,20,11.6,0.00044,0.002447,0.000017,2,40,0.002023,0.000452,0,4,6,0,1,1,0,0,   
786,147866,sp786,CORPK132,13,11.31,0.000433,0.002096,0.00006,3,39,0.00167,0.000044,0,3,8,0,0,1,0,0,   
787,145232,sp787,CORPK024,2,11.5,0.00043,0.003082,0,1,2,0.002679,0.000359,0,6,8,1,0,1,0,0,   
788,148404,sp788,CORPK146,73,11.22,0.000429,0.000608,0.000141,6,438,0.000141,0,0,1,28,0,0,1,0,0,   
789,148421,sp789,CORPK146,106,11.2,0.000428,0.001882,0.000138,4,424,0.00144,0.001302,0,5,8,0,2,1,0,0,   
790,147847,sp790,CORPK132,137,11.14,0.000428,0.001134,0.000094,4,548,0.000697,0,0,4,7,0,2,1,0,0,   
791,148539,sp791,CORPK151,94,11.14,0.000426,0.002975,0.000056,1.7,160,0.002526,0.000202,0,5,8,0,0,1,0,0,   
792,147447,sp792,CORPK116,60,10.7,0.000412,0.000956,0.000482,5,300,0.000482,0,0,1,18,0,0,1,0,0,   
793,147448,sp793,CORPK116,637,10.41,0.0004,0.000857,0.0003,5,3185,0.00041,0.000044,0,1,18,0,0,1,0,0,   
794,148631,sp794,CORPK160,30509,10.43,0.0004,0.000688,0.000228,7.01,213891,0.000244,0.000013,0,6,16,0,6,0,0,0,   
795,147446,sp795,CORPK116,40,10.38,0.000398,0.001087,0.00063,5,200,0.00063,0,0,1,18,0,0,1,0,0,   
796,148534,sp796,CORPK151,2819,10.27,0.000395,0.002758,0.000034,1.69,4751,0.002357,0.000109,0,5,10,0,0,1,0,0,   
797,147461,sp797,CORPK116,973,10.24,0.000394,0.000577,0.0001,5,4865,0.000147,0.000036,0,1,18,0,0,1,0,0,   
798,145620,sp798,CORPK032,2616,9.86,0.00038,0.002013,0.000046,2,5232,0.001632,0.000005,0,4,7,0,1,1,0,0,   
799,148412,sp799,CORPK146,4,10,0.000377,0.002134,0,2,8,0.001764,0.000051,0,3,8,0,0,1,0,0,   
800,145618,sp800,CORPK032,21,9.76,0.000377,0.004061,0.000118,1,21,0.00372,0.001849,0,3,4,2,0,1,0,0,   
801,143701,sp801,CORPK001,39,9.77,0.000375,0.01805,0.000123,2.31,90,0.017682,0.000092,0,4,8,0,1,0,0,0,   
802,145747,sp802,CORPK034,1,10,0.000374,0.001773,0.000001,1,1,0.001407,0,0,4,4,0,0,1,0,0,   
803,147831,sp803,CORPK132,15,9.73,0.000374,0.002854,0.000044,1,15,0.002495,0.00075,0,3,4,0,0,1,0,0,   
804,148625,sp804,CORPK160,30791,9.6,0.00037,0.00089,0.000178,3.22,99257,0.000481,0.000284,0,4,14,0,2,0,0,0,   
805,145617,sp805,CORPK032,21,9.52,0.000366,0.005484,0.000134,1,21,0.005143,0.003356,0,3,7,1,0,1,0,0,   
806,148237,sp806,CORPK140,16,9.56,0.000366,0.003254,0.000002,2,32,0.002883,0.001425,0,3,4,0,0,1,0,0,   
807,146316,sp807,CORPK041,1854,9.16,0.000354,0.002226,0.000052,2,3708,0.001879,0.000333,0,4,7,0,1,1,0,0,   
808,148418,sp808,CORPK146,106,9.1,0.000352,0.000419,0.000042,3,318,0.000042,0,0,3,13,0,1,1,0,0,   
809,145615,sp809,CORPK032,21,9.05,0.00035,0.003357,0.000017,1,21,0.003027,0.001565,0,3,6,1,0,1,0,0,   
810,145752,sp810,CORPK034,31,8.81,0.00034,0.004295,0.00011,1,31,0.00398,0.002891,0,3,5,1,0,1,0,0,   
811,145831,sp811,CORPK034,94,8.67,0.000337,0.015058,0.000029,1,94,0.014757,0.014729,0,3,5,2,0,1,0,0,   
812,146895,sp812,CORPK103,15,8.73,0.000337,0.0006,0.000003,2.27,34,0.000244,0.000241,0,4,8,0,0,2,0,0,   
813,148033,sp813,CORPK135,1,9,0.000334,0.002233,0,1,1,0.001925,0.00165,0,4,4,1,0,1,0,0,   
814,146319,sp814,CORPK041,2410,8.53,0.000331,0.002089,0.000066,2,4820,0.001766,0.000249,0,3,7,0,1,1,0,0,   
815,148613,sp815,CORPK160,79606,8.38,0.000325,0.001669,0.000064,2,159212,0.001344,0.000004,0,4,7,0,1,1,0,0,   
816,147856,sp816,CORPK132,17,8.18,0.000319,0.000714,0.000346,2,34,0.000379,0.000033,0,2,8,0,0,1,0,0,   
817,147527,sp817,CORPK117,28,8.11,0.000313,0.001844,0.000038,1.5,42,0.001505,0.001467,0,3,11,0,0,1,0,0,   
818,143834,sp818,CORPK002,3,7.67,0.000304,0.001299,0,1,3,0.000998,0,0,3,5,0,0,1,0,0,   
819,147463,sp819,CORPK116,797,7.58,0.000296,0.001495,0.000019,2,1594,0.001206,0.000035,0,4,8,0,1,1,0,0,   
820,148408,sp820,CORPK146,105,7.4,0.000291,0.000322,0.000045,1,105,0.000045,0,0,3,10,0,0,1,0,0,   
821,144118,sp821,CORPK005,14,7.5,0.000287,0.00239,0.000002,2,28,0.00211,0,0,3,4,0,0,1,0,0,   
822,148407,sp822,CORPK146,14719,7.07,0.000277,0.000345,0.000047,1.08,15957,0.000056,0.000002,0,3,10,0,0,1,0,0,   
823,148533,sp823,CORPK151,4740,6.87,0.00027,0.001832,0.000025,1.01,4774,0.001561,0.0001,0,3,5,0,0,1,0,0,   
824,144269,sp824,CORPK007,9,6.11,0.000244,0.002281,0.000006,1,9,0.002047,0.000648,0,3,2,0,0,1,0,0,   
825,144049,sp825,CORPK004,80,5.24,0.000209,0.001574,0.000026,1,80,0.001373,0.000206,0,3,8,0,0,1,0,0,   
