ID,SPNAME,COLLID,ELAPS_TIME,CPU_TIME,SUSPEND,LOCK_LATCH,SYNCIO,SQL_STMT_AVG,CP_CPU_SU,SQL_STMT_TOTAL,OCCUR,DATE,VER,SP_OK
SP01,EGNRSTL3,CORPK002,23.515637,22.614867,0.150976,0.002158,0.032296,5,617470,5,1,20200905,221320,0
SP02,EGCFLAR4,CORPK002,22.606303,16.076845,5.891507,0.004356,0.609691,9.91,438957.69,1120,113,20200905,221320,0
SP03,EGFCHTR1,CORPK009,12.246905,2.466829,9.798448,0.000468,0.023706,10.62,67353.14,223,21,20200905,221320,0
SP04,EGPCUIQ1,CORPK002,4.51883,1.498921,3.031019,0.000193,0.411068,3,40925.75,12,4,20200905,221320,0
SP05,EGABFRG1,CORPK001,1.209908,1.147746,0.000158,0.000022,0,1.28,31337.28,2646,2067,20200905,221320,0
SP06,EGHREQU2,CORPK003,2.702722,1.083345,1.58543,0.00026,0.153193,2.2,29578.73,33,15,20200905,221320,0
SP07,EGKSRPA1,CORPK002,1.128742,1.07782,0.00013,0.000129,0,4,29428.03,11384,2846,20200905,221320,0
SP08,EGFPEST2,CORPK009,1.161992,0.791963,0.354374,0.000434,0.123613,11,21623,55,5,20200905,221320,0
SP09,EGSACRD1,CORPK005,1.20324,0.567246,0.629384,0.00026,0.006337,4.59,15487.43,1280,279,20200905,221320,0
SP10,EGSCHQR1,CORPK005,1.261709,0.561917,0.68512,0.000227,0.003976,4.37,15341.9,271,62,20200905,221320,0
SP11,EGKSRPB1,CORPK002,0.556799,0.525517,0.000359,0.000211,0.000001,11,14348.08,63382,5762,20200905,221320,0
SP12,EGADELI5,CORPK002,16.779128,0.396079,16.517861,0.000139,16.288511,4.84,10813.96,218,45,20200905,221320,0
SP13,EGNMAHD1,CORPK001,1.775647,0.356819,1.419573,0.000052,0.019474,1,9742.25,4,4,20200905,221320,0
SP14,EGDMCHK1,CORPK003,3.167873,0.275694,2.900563,0.000753,1.576662,5,7527,20,4,20200905,221320,0
SP15,EGDOCUB1,CORPK003,0.330728,0.274317,0.044173,0.000006,0.000688,4,7489.38,52,13,20200905,221320,0
SP16,EGDRBIL1,CORPK003,3.286118,0.256379,3.043765,0.000075,3.028938,2.48,6999.61,109,44,20200905,221320,0
SP17,EGDINQU1,CORPK003,0.939264,0.206665,0.733927,0.000359,0.073055,2.8,5642.27,42,15,20200905,221320,0
SP18,EGITWRN1,CORPK008,2.377314,0.19057,2.221351,0.000002,2.216188,7,5203,7,1,20200905,221320,0
SP19,EGKSRPC1,CORPK002,0.199978,0.19001,0.000201,0.000201,0,5,5187.49,14210,2842,20200905,221320,0
SP20,EGMOLAC1,CORPK005,0.192277,0.178944,0.000135,0.000033,0.000047,3,4885.33,135,45,20200905,221320,0
SP21,EGFAMAR1,CORPK009,0.334792,0.164419,0.170692,0,0.055101,3,4489,3,1,20200905,221320,0
SP22,EGSEDAC1,CORPK005,1.603724,0.162985,1.478745,0.000032,1.434474,5,4449.75,20,4,20200905,221320,0
SP23,EGNINTU1,CORPK002,0.164101,0.151121,0.001435,0.000002,0.00068,4,4125.6,100,25,20200905,221320,0
SP24,EGINACC1,CORPK008,19.176573,0.140543,19.038573,0.000221,1.976918,4.06,3836.81,130,32,20200905,221320,0
SP25,EGKSPCI1,CORPK002,0.105626,0.095786,0.005845,0.000118,0.000304,4,2614.82,11396,2849,20200905,221320,0
SP26,EGNTFDS3,CORPK002,0.086404,0.08305,0.000813,0.000103,0.000256,4,2267.08,100,25,20200905,221320,0
SP27,EGSGACP1,CORPK005,0.147217,0.072967,0.072638,0.000001,0.000185,1,1991.5,2,2,20200905,221320,0
SP28,EGESSTQ3,CORPK045,0.080867,0.067217,0.011376,0.000194,0.010947,3.72,1834.75,1037,279,20200905,221320,0
SP29,EGCTRNS2,CORPK007,2.242803,0.060354,2.18959,0.002994,1.195745,15.63,1647.41,89097,5699,20200905,221320,0
SP30,EGKPECK1,CORPK002,0.2233,0.057431,0.166189,0.000086,0.035525,3,1567.55,1062,354,20200905,221320,0
SP31,EGFPREQ2,CORPK009,0.093258,0.056453,0.03043,0.003927,0.000474,29.2,1540.87,2657,91,20200905,221320,0
SP32,EGIANAC1,CORPK008,0.1261,0.048822,0.074791,0.000125,0.074346,6.37,1332.59,446,70,20200905,221320,0
SP33,EGSGNJM1,CORPK005,0.554722,0.04677,0.516827,0,0.516827,5,1277,5,1,20200905,221320,0
SP34,EGMFCPY1,CORPK005,0.917086,0.046391,0.876926,0.000848,0.873681,3.41,1266.14,242,71,20200905,221320,0
SP35,EGNFTPC1,CORPK002,0.055307,0.043793,0.01019,0.00038,0.004454,9,1195.19,1854,206,20200905,221320,0
SP36,EGSPBCT1,CORPK005,0.044972,0.0404,0.00055,0.000173,0,5,1102.43,35,7,20200905,221320,0
SP37,EGKRQST4,CORPK002,1.018328,0.037576,0.982797,0.000111,0.483608,7,1025.45,203,29,20200905,221320,0
SP38,EGHISMS1,CORPK003,0.035444,0.03388,0.000427,0.000092,0.000017,3,924.55,1314,438,20200905,221320,1
SP39,EGARETO1,CORPK001,0.063676,0.029953,0.032659,0.000075,0.007143,9,817.46,117,13,20200905,221320,1
SP40,EGHNODA1,CORPK003,0.378113,0.02931,0.350295,0.000046,0.098045,3,799.74,57,19,20200905,221320,1
SP41,EGNSTLM2,CORPK002,0.113333,0.029282,0.085356,0.001363,0.028015,29,799,87,3,20200905,221320,1
SP42,EGLACCT4,CORPK034,0.027051,0.024767,0.001903,0.00115,0.000754,199,675.89,1791,9,20200905,221320,1
SP43,EGDCHDT1,CORPK003,0.104258,0.022137,0.081913,0.000024,0,4,603.86,28,7,20200905,221320,1
SP44,EGRPDCI1,CORPK007,1.614101,0.021302,1.599136,0.000215,0.91171,1,581,1,1,20200905,221320,1
SP45,EGASREQ3,CORPK001,0.102587,0.020537,0.079465,0.000514,0.049162,4,560.38,32,8,20200905,221320,1
SP46,EGATMLS2,CORPK004,0.022434,0.020357,0.00171,0.000028,0.000996,3,555.31,5826,1940,20200905,221320,1
SP47,EGADTRN1,CORPK001,0.220978,0.017019,0.204517,0.002099,0.129456,7,464.33,21,3,20200905,221320,1
SP48,EGSWODT1,CORPK005,0.044399,0.015132,0.029204,0.00023,0.009288,6,412.57,42,7,20200905,221320,1
SP49,EGLIPAY2,CORPK008,0.015849,0.015073,0.000425,0.00019,0.000015,14.03,411.06,33458,2384,20200905,221320,1
SP50,EGPSWRP1,CORPK006,0.133633,0.01462,0.119325,0.000083,0.019417,4.8,398.8,24,5,20200905,221320,1
SP51,EGSLOCA1,CORPK005,0.601806,0.014584,0.589092,0.000017,0.585816,5.15,397.77,67,13,20200905,221320,1
SP52,EGSBNPD1,CORPK006,0.027214,0.013106,0.013979,0,0.004039,8,357,16,2,20200905,221320,1
SP53,EGPOSFA5,CORPK004,0.014272,0.010885,0.00266,0.000123,0.001924,9.91,296.71,6600,666,20200905,221320,1
SP54,EGNBDER2,CORPK002,0.059476,0.010724,0.049707,0.000021,0.034162,3,292.26,57,19,20200905,221320,1
SP55,EGKHPRE2,CORPK001,0.011993,0.010401,0.001321,0.000285,0.000887,6.25,283.47,8008,1282,20200905,221320,1
SP56,EGAFRBR2,CORPK002,0.06738,0.007721,0.059659,0.000005,0.003839,3.01,210.29,229,76,20200905,221320,1
SP57,EGBCINV4,CORPK008,0.491796,0.007162,0.484658,0.000382,0.016656,13.36,195.04,6065,454,20200905,221320,1
SP58,EGSTSFT1,CORPK005,0.027543,0.006352,0.021165,0.000049,0.011365,5.18,172.97,171,33,20200905,221320,1
SP59,EGSGRFP1,CORPK005,0.030803,0.006213,0.024679,0.000006,0.008512,3.5,169,14,4,20200905,221320,1
SP60,EGOBILL1,CORPK009,0.015501,0.006104,0.009382,0.000257,0.008515,13.96,166.18,2038,146,20200905,221320,1
SP61,EGRTVDF3,CORPK008,0.193782,0.005868,0.187929,0.000179,0.00136,6,159.71,15372,2563,20200905,221320,1
SP62,EGSFCPY1,CORPK005,0.621424,0.005628,35.726502,0.000833,2.756521,1.32,153.53,528,98,20200905,221320,1
SP63,EGRBCIF1,CORPK008,0.357962,0.005529,0.351651,0.000003,0.179726,3,150.57,21,7,20200905,221320,1
SP64,EGNSINV2,CORPK001,0.328611,0.005458,0.323646,0.000406,0.133192,22.34,148.54,418445,18727,20200905,221320,1
SP65,EGIRPTR1,CORPK008,0.441515,0.005347,0.437568,0.00001,0.398317,3,145.52,93,31,20200905,221320,1
SP66,EGREACH2,CORPK002,0.039056,0.004931,0.034535,0.000302,0.017991,8,134.13,64,8,20200905,221320,1
SP67,EGKSRPD2,CORPK002,0.005402,0.004707,0.000575,0.000077,0.000007,4,128.02,11384,2846,20200905,221320,1
SP68,EGHFDLN1,CORPK003,0.049775,0.004554,0.045112,0.000098,0.031288,7,123.75,56,8,20200905,221320,1
SP69,EGSCASR1,CORPK005,0.012332,0.004544,0.000197,0.000148,0.000049,5,123.55,100,20,20200905,221320,1
SP70,EGSOBWO1,CORPK005,0.010758,0.004353,0.006441,0.000038,0.004468,4,118.14,28,7,20200905,221320,1
SP71,EGFRCHT1,CORPK009,0.291082,0.004339,0.287662,0.000037,0.286896,3.5,118.06,56,16,20200905,221320,1
SP72,EGAPINO2,CORPK002,0.020899,0.004328,0.016615,0.000354,0.012263,26.68,117.67,22305,836,20200905,221320,1
SP73,EGCUSTS3,CORPK006,0.057436,0.004302,0.053246,0.000493,0.051423,16.5,116.96,11767,713,20200905,221320,1
SP74,EGSCHMA1,CORPK005,0.014515,0.004259,0.006477,0.000062,0.004317,4,115.8,240,60,20200905,221320,1
SP75,EGKCRDR2,CORPK002,0.650336,0.004044,0.646485,0.000102,0.00628,5.78,109.98,283,49,20200905,221320,1
SP76,EGIAINF3,CORPK034,0.034312,0.003923,0.030443,0.000411,0.029858,14,106.63,224,16,20200905,221320,1
SP77,EGPOSFA4,CORPK004,0.006571,0.003821,0.0026,0.000146,0.002026,9.97,103.81,14031,1407,20200905,221320,1
SP78,EGAUTWO2,CORPK002,0.014888,0.003808,0.011045,0.000073,0.009263,4.3,103.48,2156,501,20200905,221320,1
SP79,EGICURS1,CORPK008,0.04152,0.003733,0.037946,0.00034,0.037535,16,101.43,2212336,138271,20200905,221320,1
SP80,EGAREXP1,CORPK002,0.033924,0.003708,0.031126,0.000043,0.030223,5.15,100.73,623,121,20200905,221320,1
SP81,EGMUNDL1,CORPK007,0.003844,0.003704,0.00005,0.00005,0,5,100.62,1125,225,20200905,221320,1
SP82,EGARECI4,CORPK001,0.033037,0.003689,0.029391,0.000553,0.028623,26.32,100.26,5395,205,20200905,221320,1
SP83,EGCSTIF3,CORPK002,0.027505,0.003686,0.023888,0.000562,0.022804,37.99,100.15,5927,156,20200905,221320,1
SP84,EGNBANC1,CORPK002,0.005566,0.003681,0.001785,0.000015,0.001322,1,100.01,1590,1590,20200905,221320,1
SP85,EGCOGAC3,CORPK006,0.045256,0.003676,0.041691,0.001112,0.039991,27,100,54,2,20200905,221320,1
SP86,EGSHPDV1,CORPK034,0.036469,0.003591,0.032989,0.000523,0.016694,3.38,97.48,196,58,20200905,221320,1
SP87,EGDSINV2,CORPK003,0.098299,0.003476,0.094852,0.000447,0.012809,22,94.4,1760,80,20200905,221320,1
SP88,EGJRECR5,CORPK014,0.030372,0.003401,0.027006,0.000642,0.026162,33.27,92.36,28014,842,20200905,221320,1
SP89,EGARECR4,CORPK002,0.064726,0.003369,0.06146,0.000319,0.060718,27.14,91.51,1384,51,20200905,221320,1
SP90,EGMOTPS4,CORPK007,0.004077,0.00332,0.000707,0.00016,0.000547,9.28,90.16,1456461,156916,20200905,221320,1
SP91,EGCOGAC5,CORPK006,0.02688,0.003287,0.023686,0.000322,0.022538,29,89.33,87,3,20200905,221320,1
SP92,EGCSTIF6,CORPK002,0.005163,0.003197,0.001924,0.000459,0.000957,38.33,86.79,27522,718,20200905,221320,1
SP93,EGSTSFR1,CORPK005,0.005527,0.003161,0.001908,0.000048,0.00072,3.29,85.86,23,7,20200905,221320,1
SP94,EGAHINF3,CORPK002,0.009892,0.003153,0.006716,0.000772,0.005815,81.65,85.58,2123,26,20200905,221320,1
SP95,EGICLAC1,CORPK008,0.0062,0.003144,0.003028,0.000272,0.000018,9.07,85.44,408,45,20200905,221320,1
SP96,EGIPYCH2,CORPK045,0.066567,0.0031,0.063593,0.000508,0.059753,7.48,84.14,157,21,20200905,221320,1
SP97,EGDRACC7,CORPK009,0.003733,0.002939,0.000688,0.000116,0.000506,9.7,79.74,338242,34883,20200905,221320,1
SP98,EGSRTCD2,CORPK005,0.018218,0.002901,0.015666,0.000173,0.014627,6.5,78.58,78,12,20200905,221320,1
SP99,EGHVCVC1,CORPK008,0.006148,0.002877,0.003257,0.000473,0.00047,16,78.08,11664,729,20200905,221320,1
SP100,EGKANIV1,CORPK002,0.010465,0.002845,0.007636,0.000526,0.007079,30.64,77.18,51381,1677,20200905,221320,1
SP101,EGJGHCR3,CORPK002,0.025918,0.002843,0.023104,0.000652,0.022414,27.75,77.05,2137,77,20200905,221320,1
SP102,EGNACTA2,CORPK001,0.014377,0.002813,0.011593,0.000527,0.007149,13.91,76.32,654,47,20200905,221320,1
SP103,EGICUAC3,CORPK011,0.008231,0.002793,0.00539,0.000506,0.004616,8,75.57,56,7,20200905,221320,1
SP104,EGJCRQS4,CORPK002,0.006128,0.002764,0.003353,0.000839,0.002497,30.4,74.99,13743,452,20200905,221320,1
SP105,EGCUCUS3,CORPK007,0.003085,0.00276,0.000282,0.000093,0.000166,6,74.85,23976,3996,20200905,221320,1
SP106,EGHCTYP4,CORPK003,0.061235,0.002749,0.058794,0.000159,0.042298,4,74.54,52,13,20200905,221320,1
SP107,EGNACBL4,CORPK015,0.016478,0.002711,0.013824,0.0009,0.008524,37.09,73.53,10417970,280865,20200905,221320,1
SP108,EGALRYA1,CORPK002,0.009662,0.002681,0.006999,0.000387,0.006474,45.88,72.73,1514,33,20200905,221320,1
SP109,EGCWDWC3,CORPK006,0.006456,0.002649,0.003818,0.000465,0.002977,24.31,71.9,1264,52,20200905,221320,1
SP110,EGAHCAI2,CORPK002,0.020589,0.002531,0.018118,0.000052,0.017006,17.43,68.57,244,14,20200905,221320,1
SP111,EGDSRVE7,CORPK003,0.012712,0.002498,0.010247,0.000974,0.009183,31,68,124,4,20200905,221320,1
SP112,EGACRQS2,CORPK002,0.015438,0.002492,0.012978,0.000492,0.012122,24.07,67.55,698,29,20200905,221320,1
SP113,EGSGCPB1,CORPK005,0.016088,0.002478,0.013642,0.000681,0.004933,5,67,5,1,20200905,221320,1
SP114,EGJATAH2,CORPK014,0.00488,0.002449,0.002414,0.000401,0.001865,29.64,66.35,71310,2406,20200905,221320,1
SP115,EGIPYCR1,CORPK008,0.007696,0.002418,0.005278,0.000139,0.005069,8.08,65.53,1709348,211604,20200905,221320,1
SP116,EGTICST1,CORPK008,0.045361,0.002404,0.043121,0.00058,0.041467,20,65,20,1,20200905,221320,1
SP117,EGTLGIN6,CORPK005,0.02479,0.002367,0.022479,0.000337,0.022127,21,64.12,524780,24986,20200905,221320,1
SP118,EGCCUSI7,CORPK006,0.009291,0.002357,0.00694,0.000448,0.006097,29.29,63.86,543653,18563,20200905,221320,1
SP119,EGKSBGM2,CORPK002,0.00312,0.002352,0.000757,0.000457,0.000045,67.24,63.72,44984,669,20200905,221320,1
SP120,EGABINF3,CORPK002,0.01856,0.002347,0.016271,0.000423,0.015765,19.82,63.58,34590,1745,20200905,221320,1
SP121,EGHRDLN1,CORPK003,0.054712,0.002318,0.052656,0.000017,0.047308,7,63,7,1,20200905,221320,1
SP122,EGJRUSR3,CORPK002,0.019697,0.002297,0.017455,0.000001,0.009805,5,62,5,1,20200905,221320,1
SP123,EGTLGIN2,CORPK005,0.025273,0.002285,0.023047,0.000259,0.022709,18.35,61.89,242700,13225,20200905,221320,1
SP124,EGSCMDF1,CORPK007,0.004784,0.002287,0.002483,0.00086,0.001506,26,61.89,1404,54,20200905,221320,1
SP125,EGCSRVC3,CORPK006,0.010928,0.002271,0.008668,0.000345,0.007621,14.32,61.51,156884,10958,20200905,221320,1
SP126,EGILAIF4,CORPK036,0.022309,0.002241,0.020101,0.000214,0.019887,15.85,60.72,856,54,20200905,221320,1
SP127,EGHSINV2,CORPK003,0.031386,0.002236,0.029141,0.000165,0.028904,18,60.56,324,18,20200905,221320,1
SP128,EGCRDIF1,CORPK008,0.057553,0.00222,0.055401,0.000048,0.029667,3,60.16,267,89,20200905,221320,1
SP129,EGFREPT3,CORPK009,0.098501,0.00218,0.096568,0.000114,0.096092,3.74,59.03,1122,300,20200905,221320,1
SP130,EGACLIC2,CORPK002,0.0188,0.002137,0.016736,0.000054,0.016611,28,58,28,1,20200905,221320,1
SP131,EGACSTT3,CORPK002,0.02329,0.002139,0.021222,0.000303,0.020828,20.6,57.9,3976,193,20200905,221320,1
SP132,EGKRPST2,CORPK002,0.02077,0.002138,0.018708,0.000593,0.016743,9.96,57.89,279,28,20200905,221320,1
SP133,EGDLODE4,CORPK003,0.021882,0.002129,0.01981,0.000273,0.018871,31.56,57.67,284,9,20200905,221320,1
SP134,EGKCRTI7,CORPK002,0.005319,0.002108,0.003208,0.000324,0.002877,19.53,57.04,25582,1310,20200905,221320,1
SP135,EGMOJSC1,CORPK005,0.002382,0.002078,0.00027,0.000129,0,11.78,56.22,1869221,158633,20200905,221320,1
SP136,EGSSNJF1,CORPK005,0.018514,0.002054,0.016603,0.000062,0.005811,2,55.57,14,7,20200905,221320,1
SP137,EGCSTSL1,CORPK008,0.023998,0.002016,0.021899,0.000078,0.021498,4,54.57,536,134,20200905,221320,1
SP138,EGMOTPS3,CORPK007,0.00212,0.001935,0.000145,0.000133,0.000011,10.24,52.33,3767420,368059,20200905,221320,1
SP139,EGCTLLD1,CORPK008,0.002235,0.001932,0.000269,0.00025,0.000019,14.72,52.26,53651,3646,20200905,221320,1
SP140,EGHDELI2,CORPK003,0.011208,0.001926,0.009311,0.000019,0.002519,7,52,84,12,20200905,221320,1
SP141,EGAHRYA1,CORPK002,0.010594,0.001893,0.008753,0.000103,0.008531,17.6,51.3,176,10,20200905,221320,1
SP142,EGDGETB5,CORPK003,0.010776,0.001881,0.00895,0.000213,0.00865,14.56,50.88,233,16,20200905,221320,1
SP143,EGACUIF2,CORPK008,0.018576,0.001852,0.016766,0.00022,0.015913,18,50.1,936,52,20200905,221320,1
SP144,EGAPARN1,CORPK002,0.013025,0.001843,0.011175,0.000316,0.010682,3,49.89,291,97,20200905,221320,1
SP145,EGACHCM1,CORPK001,0.004119,0.00183,0.000217,0.000134,0.000084,7,49.44,1582,226,20200905,221320,1
SP146,EGICHAC5,CORPK006,0.01273,0.001823,0.010953,0.000506,0.010354,13,49,13,1,20200905,221320,1
SP147,EGCACCL5,CORPK007,0.02569,0.00179,0.023879,0.000156,0.023256,11,48.38,28424,2584,20200905,221320,1
SP148,EGIEXTA1,CORPK008,0.050312,0.001775,0.048668,0.000579,0.032018,4,48,4,1,20200905,221320,1
SP149,EGTCTRN1,CORPK005,0.022565,0.001772,0.020891,0.000322,0.020475,14.51,47.84,827,57,20200905,221320,1
SP150,EGBBCSS2,CORPK006,0.009289,0.001752,0.007573,0.000248,0.006886,15,47.5,30,2,20200905,221320,1
SP151,EGMDPLA1,CORPK005,0.01078,0.001714,0.009286,0.000002,0.008825,3,46.33,45,15,20200905,221320,1
SP152,EGDEINF2,CORPK048,0.004366,0.001705,0.002662,0.000111,0.002549,8.92,46.07,24696,2768,20200905,221320,1
SP153,EGTPROF1,CORPK005,0.002119,0.001688,0.000372,0.000248,0.00004,19,45.62,893,47,20200905,221320,1
SP154,EGDIBON3,CORPK003,0.017811,0.001681,0.016222,0.001152,0.015069,22,45.4,110,5,20200905,221320,1
SP155,EGCCUST5,CORPK006,0.00511,0.001666,0.003448,0.000243,0.002877,13.41,45,175938,13116,20200905,221320,1
SP156,EGICUSR9,CORPK008,0.009437,0.001624,0.007797,0.000169,0.007589,9.59,43.85,5589,583,20200905,221320,1
SP157,EGINTAI3,CORPK008,0.014177,0.001623,0.01258,0.000205,0.012255,8.91,43.8,8269,928,20200905,221320,1
SP158,EGKSBGM3,CORPK002,0.002155,0.00161,0.000543,0.000335,0,21.46,43.47,5901,275,20200905,221320,1
SP159,EGTRNEM1,CORPK008,0.012933,0.001595,0.011135,0.000123,0.007353,12.02,43.05,4688,390,20200905,221320,1
SP160,EGTCAMN2,CORPK005,0.015055,0.001593,0.013557,0.000117,0.013366,12.47,43,187,15,20200905,221320,1
SP161,EGBDEAC3,CORPK009,0.007384,0.001583,0.005827,0.000334,0.005396,12.66,42.69,405,32,20200905,221320,1
SP162,EGCICST5,CORPK008,0.009846,0.001572,0.008299,0.000221,0.007985,18,42.5,36,2,20200905,221320,1
SP163,EGFPDUR3,CORPK009,0.011423,0.001559,0.009886,0.000323,0.009359,11.3,42.1,113,10,20200905,221320,1
SP164,EGBSREX1,CORPK007,0.007273,0.001536,0.005702,0.000005,0.004924,4,41.4,20,5,20200905,221320,1
SP165,EGACONF1,CORPK002,0.002381,0.001526,0.000845,0.000247,0.000515,20.72,41.17,19522,942,20200905,221320,1
SP166,EGFNDCS1,CORPK007,0.024757,0.001532,0.023387,0.000001,0.018872,9,41,9,1,20200905,221320,1
SP167,EGDFEMN1,CORPK003,0.021073,0.001469,0.019696,0.000189,0.019486,13.75,39.7,275,20,20200905,221320,1
SP168,EGBTRNS1,CORPK009,0.001886,0.00147,0.000315,0.000159,0.000114,12.92,39.63,76179,5894,20200905,221320,1
SP169,EGFPACK1,CORPK009,0.001644,0.001462,0.000122,0.000044,0,4,39.41,4980,1245,20200905,221320,1
SP170,EGKRETC1,CORPK002,0.02621,0.001452,0.024801,0.001068,0.012207,11,39,22,2,20200905,221320,1
SP171,EGIASIF3,CORPK008,0.00528,0.001442,0.003848,0.000271,0.003496,21.02,38.88,156093,7425,20200905,221320,1
SP172,EGTTRTR2,CORPK005,0.019396,0.001436,0.018006,0.000212,0.017711,30.45,38.71,155119,5094,20200905,221320,1
SP173,EGACSLT1,CORPK008,0.037321,0.00142,0.036038,0.000052,0.035929,3.99,38.27,1572421,393868,20200905,221320,1
SP174,EGIGPRP2,CORPK008,0.042607,0.001417,0.041308,0.000097,0.041103,6.36,38.18,604,95,20200905,221320,1
SP175,EGIASCH3,CORPK039,0.072684,0.00141,0.071495,0.000023,0.061391,6,38.17,36,6,20200905,221320,1
SP176,EGDCHCU1,CORPK001,0.015894,0.001418,0.014561,0.000229,0.014258,10,38.15,130,13,20200905,221320,1
SP177,EGDOVER4,CORPK003,0.002323,0.001405,0.000968,0.000019,0.000882,20,38,20,1,20200905,221320,1
SP178,EGAOREQ2,CORPK002,0.026433,0.001398,0.025134,0.001297,0.023706,28,37.67,84,3,20200905,221320,1
SP179,EGTGACC1,CORPK005,0.006685,0.00139,0.005314,0.000279,0.00496,14.96,37.43,6344,424,20200905,221320,1
SP180,EGINFOC1,CORPK006,0.004455,0.001386,0.003068,0.000241,0.002569,16.63,37.34,4874,293,20200905,221320,1
SP181,EGFRSCH2,CORPK009,0.044999,0.001364,0.0438,0.000021,0.043747,4.32,36.77,95,22,20200905,221320,1
SP182,EGACEKR1,CORPK001,0.005422,0.001359,0.004064,0.000209,0.003855,6.52,36.6,1499,230,20200905,221320,1
SP183,EGDFBRI1,CORPK003,0.001899,0.001361,0.000487,0.000179,0.000096,11,36.53,165,15,20200905,221320,1
SP184,EGMCHPA1,CORPK005,0.002312,0.001349,0.000939,0.000014,0.000925,3,36.5,24,8,20200905,221320,1
SP185,EGTMDRF1,CORPK008,0.001866,0.001354,0.000493,0.000312,0.000181,30,36.44,8550,285,20200905,221320,1
SP186,EGNDRFT5,CORPK001,0.007619,0.001348,0.006318,0.000337,0.005885,38.27,36.3,21377236,558526,20200905,221320,1
SP187,EGOTPBR1,CORPK006,0.019897,0.001338,0.018652,0,0.014134,3,36,9,3,20200905,221320,1
SP188,EGSCAPD1,CORPK005,0.010349,0.001335,0.003192,0.000007,0.002325,2.5,35.88,20,8,20200905,221320,1
SP189,EGBCSAM1,CORPK006,0.003436,0.00133,0.002101,0.000234,0.001538,6.63,35.83,159,24,20200905,221320,1
SP190,EGNREMA3,CORPK002,0.004764,0.001329,0.003418,0.000019,0.000672,3,35.81,81,27,20200905,221320,1
SP191,EGKVCCI2,CORPK002,0.005751,0.001318,0.004448,0.00029,0.004137,15.23,35.66,533,35,20200905,221320,1
SP192,EGAOCST2,CORPK002,0.003127,0.001319,0.001813,0.000214,0.001494,19.42,35.55,1495,77,20200905,221320,1
SP193,EGCCUST3,CORPK006,0.003834,0.001315,0.00253,0.000017,0.002221,8,35.33,48,6,20200905,221320,1
SP194,EGTTRTD1,CORPK008,0.006618,0.001309,0.005279,0.000217,0.00494,18.45,35.24,473429,25660,20200905,221320,1
SP195,EGSBAUS1,CORPK007,0.043965,0.00131,0.042871,0.000092,0.041575,3.6,35.2,18,5,20200905,221320,1
SP196,EGKSBGM1,CORPK002,0.00191,0.001305,0.000605,0.000349,0,19.91,35.15,2867,144,20200905,221320,1
SP197,EGAATMR4,CORPK001,0.001716,0.001302,0.000405,0.000244,0.000161,17,35.08,612,36,20200905,221320,1
SP198,EGPRVCH1,CORPK045,0.002789,0.001272,0.001529,0.000956,0.000093,5,34.5,10,2,20200905,221320,1
SP199,EGACINF3,CORPK014,0.004613,0.001281,0.003332,0.000141,0.003112,6.01,34.49,11839,1969,20200905,221320,1
SP200,EGSMSCR1,CORPK006,0.010988,0.001279,0.009745,0.000479,0.009192,14.9,34.45,298,20,20200905,221320,1
SP201,EGITCND1,CORPK008,0.003808,0.001244,0.002571,0.000296,0.002259,9.59,33.52,988,103,20200905,221320,1
SP202,EGIREGP3,CORPK008,0.014774,0.001236,0.013632,0.000122,0.012187,2.78,33.25,514,185,20200905,221320,1
SP203,EGPRDAY2,CORPK034,0.014551,0.001236,0.013335,0.000097,0.013222,3,33.25,120,40,20200905,221320,1
SP204,EGAFCHP2,CORPK008,0.032282,0.001233,0.031131,0.00002,0.031111,5,33.1,50,10,20200905,221320,1
SP205,EGJRLPN4,CORPK002,0.033098,0.001225,0.031931,0.000114,0.031485,5.86,32.96,1706,291,20200905,221320,1
SP206,EGSMSCX4,CORPK006,0.002467,0.001225,0.001247,0.000233,0.000926,11,32.96,213239,19379,20200905,221320,1
SP207,EGFACLS1,CORPK008,0.009518,0.001217,0.00832,0.000619,0.007691,5.75,32.67,69,12,20200905,221320,1
SP208,EGBACIF1,CORPK009,0.015975,0.001214,0.014828,0.000119,0.01457,11,32.67,33,3,20200905,221320,1
SP209,EGMRELA1,CORPK005,0.011923,0.001214,0.010746,0.000023,0.002685,5,32.63,40,8,20200905,221320,1
SP210,EGDREPI3,CORPK003,0.00156,0.001192,0.000326,0.00021,0.000116,5,32.07,75,15,20200905,221320,1
SP211,EGBBASG2,CORPK006,0.008097,0.001197,0.006906,0.000002,0.006215,6,32,12,2,20200905,221320,1
SP212,EGISINF1,CORPK008,0.040961,0.001184,0.039931,0.000006,0.039925,3,32,6,2,20200905,221320,1
SP213,EGASINQ2,CORPK002,0.020104,0.001187,0.018991,0.00016,0.018831,6,31.9,126,21,20200905,221320,1
SP214,EGDATED1,CORPK061,0.007545,0.001181,0.006404,0.000084,0.00614,8,31.75,32,4,20200905,221320,1
SP215,EGAFEPA2,CORPK001,0.050322,0.001179,0.049274,0.000069,0.049014,2.3,31.69,271,118,20200905,221320,1
SP216,EGHHDRQ2,CORPK003,0.001996,0.001177,0.000789,0.000102,0.000684,15,31.65,4980,332,20200905,221320,1
SP217,EGARQIF4,CORPK008,0.065472,0.001176,0.064389,0.000103,0.064135,9.52,31.57,219,23,20200905,221320,1
SP218,EGHCUST4,CORPK006,0.003835,0.001167,0.002675,0.000238,0.002354,12.84,31.35,3878,302,20200905,221320,1
SP219,EGCSSRV1,CORPK006,0.005593,0.001153,0.004458,0.000027,0.004154,9,31,63,7,20200905,221320,1
SP220,EGFNRAC1,CORPK007,0.033594,0.001143,0.032538,0.000001,0.006267,7,31,7,1,20200905,221320,1
SP221,EGCSTPN2,CORPK008,0.001548,0.00115,0.000385,0.000145,0.000238,3.96,30.92,2268,573,20200905,221320,1
SP222,EGBBSEB1,CORPK006,0.006524,0.001142,0.005369,0.00004,0.005081,4.67,30.67,28,6,20200905,221320,1
SP223,EGACSCT2,CORPK008,0.002445,0.001119,0.001305,0.000129,0.001027,5.78,30.02,1005,174,20200905,221320,1
SP224,EGKRCRT5,CORPK002,0.005084,0.001114,0.003973,0.000168,0.003632,9,30,279,31,20200905,221320,1
SP225,EGDITLB1,CORPK003,0.007359,0.001131,0.006279,0.000117,0.0061,6,30,6,1,20200905,221320,1
SP226,EGNACCA1,CORPK001,0.005978,0.001112,0.004888,0.000145,0.004744,10,29.87,119590,11961,20200905,221320,1
SP227,EGDDRFT1,CORPK003,0.010226,0.001103,0.009156,0.000272,0.008804,14.98,29.61,3355,224,20200905,221320,1
SP228,EGATMCN1,CORPK004,0.001301,0.001078,0.000213,0.000213,0,23.34,28.98,5648,242,20200905,221320,1
SP229,EGKCRTR1,CORPK002,0.050613,0.001074,0.049685,0.000014,0.047509,5.42,28.81,195,36,20200905,221320,1
SP230,EGARQLS2,CORPK001,0.00484,0.001053,0.003788,0.000018,0.003169,7.73,28.18,85,11,20200905,221320,1
SP231,EGDLBLK1,CORPK003,0.02601,0.001031,0.025074,0.000091,0.024982,6,28,6,1,20200905,221320,1
SP232,EGFDRDT1,CORPK008,0.005079,0.001057,0.003966,0.000184,0.003699,11.5,28,23,2,20200905,221320,1
SP233,EGHCIFA1,CORPK003,0.003864,0.001041,0.002824,0.000171,0.002646,17.67,27.94,3216,182,20200905,221320,1
SP234,EGKTCRG1,CORPK002,0.004877,0.001041,0.00386,0.000184,0.003676,5.94,27.9,6684,1125,20200905,221320,1
SP235,EGASHCA1,CORPK001,0.028021,0.001038,0.027007,0.0001,0.026602,3.51,27.86,615,175,20200905,221320,1
SP236,EGMOACC3,CORPK007,0.002437,0.001035,0.001399,0.00022,0.001101,13.71,27.77,74243,5414,20200905,221320,1
SP237,EGCRACI2,CORPK007,0.004869,0.001019,0.003859,0.000241,0.003612,19.01,27.32,1564752,82315,20200905,221320,1
SP238,EGDCHAC1,CORPK007,0.005698,0.000997,0.004716,0.000109,0.004607,13.4,26.73,201,15,20200905,221320,1
SP239,EGDMCUS1,CORPK003,0.077577,0.001002,0.076696,0.00003,0.076497,3,26.67,9,3,20200905,221320,1
SP240,EGNSHBA1,CORPK001,0.004951,0.000993,0.003974,0.000221,0.003746,9.66,26.62,14690,1521,20200905,221320,1
SP241,EGACSSR2,CORPK002,0.038807,0.000991,0.037866,0.000002,0.037806,8,26.5,16,2,20200905,221320,1
SP242,EGAPANW1,CORPK002,0.031374,0.000994,0.030445,0.000024,0.030144,4.5,26.5,9,2,20200905,221320,1
SP243,EGFPDET3,CORPK009,0.011125,0.000981,0.010158,0.009508,0.000651,11,26.2,55,5,20200905,221320,1
SP244,EGARLPN4,CORPK002,0.001688,0.000975,0.000699,0.000098,0.000381,5.72,26.07,166,29,20200905,221320,1
SP245,EGICSGN1,CORPK008,0.010676,0.000971,0.009752,0.000042,0.008664,3,26,3,1,20200905,221320,1
SP246,EGACSTT5,CORPK002,0.003069,0.000955,0.002132,0.000092,0.001886,20.79,25.47,395,19,20200905,221320,1
SP247,EGJFECU2,CORPK002,0.034694,0.000934,0.033823,0.001302,0.032521,6,25,6,1,20200905,221320,1
SP248,EGCFHVC1,CORPK006,0.003892,0.00091,0.002993,0.000198,0.002742,9.11,24.36,2450,269,20200905,221320,1
SP249,EGBCHBR1,CORPK009,0.007569,0.00091,0.0067,0.000008,0.00661,6,24.25,24,4,20200905,221320,1
SP250,EGFPRGB2,CORPK009,0.004964,0.000899,0.004082,0.000006,0.003889,2.75,24.25,11,4,20200905,221320,1
SP251,EGAVACS1,CORPK008,0.004099,0.000908,0.003201,0.00039,0.002812,7,24.21,196,28,20200905,221320,1
SP252,EGKCCSI2,CORPK002,0.00273,0.000906,0.001832,0.000032,0.001735,7.2,24.2,36,5,20200905,221320,1
SP253,EGBFECI1,CORPK003,0.002506,0.0009,0.001605,0.000184,0.001421,12,24.14,264,22,20200905,221320,1
SP254,EGCHPAN2,CORPK008,0.001138,0.0009,0.000239,0.000163,0,5.99,24.07,719,120,20200905,221320,1
SP255,EGARQPA1,CORPK008,0.001367,0.000907,0.00049,0.000031,0.000358,11,24,11,1,20200905,221320,1
SP256,EGAHCNF1,CORPK002,0.005688,0.000901,0.004846,0.000384,0.004399,26,24,104,4,20200905,221320,1
SP257,EGIALRI2,CORPK008,0.015088,0.000875,0.014243,0.00009,0.014078,5,23.47,200,40,20200905,221320,1
SP258,EGBACBL1,CORPK009,0.001148,0.000869,0.000277,0.000161,0.00004,12,23.23,32148,2679,20200905,221320,1
SP259,EGATMBR3,CORPK001,0.001126,0.000868,0.000253,0.000172,0,6.37,23.21,1738,273,20200905,221320,1
SP260,EGBINFO1,CORPK008,0.020708,0.000864,0.019887,0.000013,0.011294,3,23.09,210,70,20200905,221320,1
SP261,EGDFACT1,CORPK001,0.010529,0.000863,0.009722,0.000074,0.007447,4,23.08,147198,36760,20200905,221320,1
SP262,EGACSAC1,CORPK008,0.003721,0.000864,0.002875,0.000054,0.002822,9,23.07,549,61,20200905,221320,1
SP263,EGKCRDQ1,CORPK002,0.009417,0.000859,0.008573,0.000022,0.00847,6.85,22.93,185,27,20200905,221320,1
SP264,EGIACNO1,CORPK007,0.008158,0.00085,0.007335,0.000079,0.00725,5,22.7,144670,28934,20200905,221320,1
SP265,EGMOSRV1,CORPK005,0.001009,0.000849,0.000147,0.000147,0,11.1,22.68,103935,9365,20200905,221320,1
SP266,EGCTRAN2,CORPK001,0.025538,0.00085,0.024743,0.000672,0.023238,7,22.65,504,72,20200905,221320,1
SP267,EGFPLST3,CORPK009,0.003099,0.000846,0.00226,0.000288,0.001972,7,22.6,35,5,20200905,221320,1
SP268,EGICSPC1,CORPK008,0.0098,0.000839,0.008976,0.000025,0.008951,5,22.5,10,2,20200905,221320,1
SP269,EGHINVC1,CORPK008,0.010104,0.000816,0.00933,0.000199,0.009131,7,22,14,2,20200905,221320,1
SP270,EGJFELA1,CORPK002,0.003436,0.000822,0.002598,0.000032,0.002566,6,21.92,2135,356,20200905,221320,1
SP271,EGCUSTI5,CORPK008,0.004885,0.00082,0.004092,0.000166,0.003926,24,21.89,3900528,162523,20200905,221320,1
SP272,EGICRDT2,CORPK008,0.026793,0.000814,0.025755,0.000016,0.025731,5.8,21.8,203,35,20200905,221320,1
SP273,EGSINJF1,CORPK005,0.006214,0.000808,0.004254,0.00005,0.001947,3.29,21.71,23,7,20200905,221320,1
SP274,EGDICHQ2,CORPK041,0.001104,0.000799,0.000295,0.000136,0.000089,6,21.33,11802,1967,20200905,221320,1
SP275,EGCMBCT2,CORPK006,0.008316,0.000791,0.007553,0.000359,0.007119,5.77,21.14,929,161,20200905,221320,1
SP276,EGASHCO1,CORPK001,0.012491,0.000784,0.011753,0.000004,0.011749,3,20.89,57,19,20200905,221320,1
SP277,EGMFACR1,CORPK007,0.005145,0.000775,0.004401,0.000158,0.004133,4.75,20.63,38,8,20200905,221320,1
SP278,EGESSTQ2,CORPK045,0.005631,0.000771,0.004856,0.000085,0.004688,3.13,20.55,497,159,20200905,221320,1
SP279,EGBCARD2,CORPK008,0.012021,0.000768,0.01129,0.000269,0.010951,5,20.5,30,6,20200905,221320,1
SP280,EGPEYCU1,CORPK002,0.00315,0.000766,0.00239,0.000058,0.002332,4,20.4,2476,619,20200905,221320,1
SP281,EGSMSFC3,CORPK005,0.000932,0.000764,0.000158,0.000081,0,6.17,20.35,17252,2795,20200905,221320,1
SP282,EGFREPN2,CORPK009,0.006553,0.000761,0.005804,0.000149,0.005617,4.16,20.25,561,135,20200905,221320,1
SP283,EGSMSAX4,CORPK006,0.001764,0.00075,0.001014,0.00014,0.000795,5.91,19.99,119884,20285,20200905,221320,1
SP284,EGOBLNC1,CORPK009,0.003077,0.000748,0.00234,0.000172,0.002168,11,19.94,176,16,20200905,221320,1
SP285,EGDPSCS1,CORPK001,0.000782,0.000736,0.000046,0.000003,0.000042,6,19.6,30,5,20200905,221320,1
SP286,EGDCHPA1,CORPK003,0.015577,0.000727,0.014886,0.000022,0.014692,4,19.47,68,17,20200905,221320,1
SP287,EGBRACH1,CORPK006,0.001083,0.00073,0.000351,0.000151,0.000001,4.89,19.41,964,197,20200905,221320,1
SP288,EGSAPTD1,CORPK005,0.004292,0.000726,0.001365,0.000084,0.001081,3.74,19.34,348,93,20200905,221320,1
SP289,EGINCSM2,CORPK006,0.013614,0.000717,0.012945,0.000082,0.012797,3,19.07,162,54,20200905,221320,1
SP290,EGAGTLS1,CORPK001,0.011112,0.000707,0.010413,0.000072,0.010341,6,18.92,72,12,20200905,221320,1
SP291,EGBCDIF1,CORPK008,0.000839,0.000705,0.000141,0.000044,0.000019,5.4,18.8,54,10,20200905,221320,1
SP292,EGDBMLK3,CORPK003,0.007603,0.000697,0.006934,0.000012,0.006859,3,18.75,12,4,20200905,221320,1
SP293,EGDINCH1,CORPK041,0.00194,0.000704,0.001235,0.00005,0.000844,5.4,18.74,713,132,20200905,221320,1
SP294,EGSRCDF2,CORPK008,0.00082,0.000702,0.000101,0.000012,0.000089,6,18.67,72,12,20200905,221320,1
SP295,EGBGACC2,CORPK009,0.001909,0.000698,0.001216,0.000048,0.001076,4.43,18.43,31,7,20200905,221320,1
SP296,EGACUIN1,CORPK008,0.003489,0.000685,0.002812,0.000135,0.002601,9.25,18.25,148,16,20200905,221320,1
SP297,EGAHDLI1,CORPK002,0.000929,0.000691,0.000238,0.000011,0.000149,6,18.25,48,8,20200905,221320,1
SP298,EGIHCAN1,CORPK008,0.012036,0.000664,0.011432,0.000032,0.011319,2,18,2,1,20200905,221320,1
SP299,EGABPTC2,CORPK001,0.001997,0.000677,0.00133,0.000132,0.001128,7.02,17.97,75509,10750,20200905,221320,1
SP300,EGJRCOM1,CORPK014,0.000894,0.000676,0.000217,0.000128,0,2,17.94,1820,910,20200905,221320,1
SP301,EGBBCSL2,CORPK007,0.002716,0.000675,0.002058,0.000031,0.00186,3,17.92,7752,2584,20200905,221320,1
SP302,EGSRSFR1,CORPK005,0.001361,0.000663,0.000697,0.00019,0.000507,3,17.71,21,7,20200905,221320,1
SP303,EGCSINF1,CORPK006,0.003716,0.000662,0.003073,0.000091,0.002914,3.96,17.6,1296,327,20200905,221320,1
SP304,EGFACIQ1,CORPK008,0.003224,0.000662,0.002579,0.00012,0.002391,6.91,17.58,3021,437,20200905,221320,1
SP305,EGRMARZ1,CORPK008,0.014526,0.000665,0.013903,0.000499,0.013321,2,17.5,4,2,20200905,221320,1
SP306,EGSHPMN3,CORPK034,0.001224,0.000655,0.000589,0.000379,0.000129,4,17.5,8,2,20200905,221320,1
SP307,EGDCHMI1,CORPK003,0.001798,0.000649,0.001135,0.00009,0.001035,3.86,17.29,27,7,20200905,221320,1
SP308,EGOILTR1,CORPK004,0.007524,0.000643,0.006893,0.000039,0.006579,5.01,17.06,21864,4368,20200905,221320,1
SP309,EGSMSAU3,CORPK005,0.000926,0.000652,0.000244,0.000002,0,4,17,4,1,20200905,221320,1
SP310,EGFREEB1,CORPK006,0.001535,0.000631,0.000904,0.000096,0.000808,6,16.69,708,118,20200905,221320,1
SP311,EGDSRVC2,CORPK006,0.00207,0.000625,0.001453,0.000097,0.001172,5.19,16.58,275,53,20200905,221320,1
SP312,EGFTCOM2,CORPK009,0.000708,0.000625,0.000073,0.000073,0,5,16.56,6110,1222,20200905,221320,1
SP313,EGAFCUI1,CORPK002,0.000727,0.000625,0.0001,0.000034,0,9,16.5,72,8,20200905,221320,1
SP314,EGTASAC2,CORPK005,0.008327,0.000619,0.007755,0.000082,0.007605,1.97,16.42,387,196,20200905,221320,1
SP315,EGFCACN1,CORPK008,0.002971,0.000621,0.002369,0,0.002369,10,16.33,30,3,20200905,221320,1
SP316,EGIKRVS2,CORPK008,0.013354,0.000614,0.012783,0.000059,0.012655,3,16.26,102,34,20200905,221320,1
SP317,EGSMAWP2,CORPK005,0.00511,0.00061,0.004511,0.000075,0.004431,3,16.14,54915,18305,20200905,221320,1
SP318,EGEDTCH1,CORPK005,0.011123,0.00059,0.010565,0,0.004543,2,16,2,1,20200905,221320,1
SP319,EGIREGZ1,CORPK008,0.01708,0.00061,0.005372,0.000001,0.005371,4,16,4,1,20200905,221320,1
SP320,EGMBSHR1,CORPK007,0.000864,0.000601,0.000265,0.000097,0.000001,6.37,15.9,283501,44520,20200905,221320,1
SP321,EGSGPBR1,CORPK005,0.003447,0.000588,0.002885,0.000019,0.002761,4,15.57,28,7,20200905,221320,1
SP322,EGCHQHY1,CORPK045,0.001716,0.000585,0.00112,0,0.0011,5.17,15.5,31,6,20200905,221320,1
SP323,EGICANO1,CORPK008,0.004236,0.000586,0.003672,0.000063,0.003608,7.94,15.49,230200,28976,20200905,221320,1
SP324,EGSCCTD1,CORPK005,0.01004,0.000582,0.009513,0.000065,0.002953,4,15.43,28,7,20200905,221320,1
SP325,EGRINFE1,CORPK041,0.00509,0.000581,0.004531,0.000084,0.004329,4,15.43,232,58,20200905,221320,1
SP326,EGKTORG1,CORPK002,0.005171,0.000583,0.004593,0.000023,0.003144,4,15.29,56,14,20200905,221320,1
SP327,EGREMIN1,CORPK008,0.001205,0.000576,0.000629,0.000104,0.000457,5.29,15.23,4527,855,20200905,221320,1
SP328,EGAIFOI1,CORPK008,0.000647,0.000582,0.000064,0,0,8,15,8,1,20200905,221320,1
SP329,EGHCSTA1,CORPK003,0.003108,0.000563,0.00255,0.000007,0.002518,7.75,14.88,62,8,20200905,221320,1
SP330,EGACCNT3,CORPK006,0.01062,0.000561,0.010082,0.000045,0.009869,4.08,14.85,106,26,20200905,221320,1
SP331,EGKPECR1,CORPK002,0.002028,0.000561,0.001476,0.000038,0.001373,6,14.81,4236,706,20200905,221320,1
SP332,EGANOPA1,CORPK001,0.000671,0.000557,0.000115,0,0.000115,3,14.5,6,2,20200905,221320,1
SP333,EGSGMFC1,CORPK005,0.004796,0.000548,0.004282,0.000026,0.004256,1,14.46,5589,5589,20200905,221320,1
SP334,EGBDEBR1,CORPK009,0.006541,0.000543,0.00603,0.000115,0.005842,3.82,14.41,65,17,20200905,221320,1
SP335,EGFPDET1,CORPK009,0.000626,0.000543,0.000086,0.000024,0,5,14.3,50,10,20200905,221320,1
SP336,EGDCHQS2,CORPK009,0.0024,0.000542,0.001872,0.000048,0.001577,4,14.29,184681,46132,20200905,221320,1
SP337,EGLFUEL1,CORPK003,0.006255,0.000539,0.005738,0.000258,0.005401,3,14.24,51,17,20200905,221320,1
SP338,EGCHMOB1,CORPK008,0.009936,0.00054,0.009421,0.000111,0.009255,5.12,14.21,625,122,20200905,221320,1
SP339,EGARCNF1,CORPK002,0.000999,0.000541,0.000463,0.000145,0.000319,25,14.18,275,11,20200905,221320,1
SP340,EGCCHMO4,CORPK006,0.002422,0.000535,0.001893,0.000073,0.001738,5.07,14.12,1973,389,20200905,221320,1
SP341,EGAGEPA1,CORPK008,0.004235,0.000531,0.003748,0,0.002283,3,14,6,2,20200905,221320,1
SP342,EGSHPTI1,CORPK004,0.036499,0.000531,0.036057,0,0.036008,1,14,1,1,20200905,221320,1
SP343,EGSRWOD1,CORPK005,0.002918,0.000533,0.002405,0.000064,0.001944,2,14,14,7,20200905,221320,1
SP344,EGDRPTB2,CORPK003,0.000766,0.000527,0.000242,0.000029,0.000047,5,14,25,5,20200905,221320,1
SP345,EGAPOST2,CORPK014,0.000719,0.00053,0.000189,0.00012,0,7.07,13.97,153089,21651,20200905,221320,1
SP346,EGDPANL1,CORPK003,0.000694,0.000529,0.000163,0.000092,0,3,13.92,11784,3928,20200905,221320,1
SP347,EGDBMLK2,CORPK003,0.004731,0.000528,0.004221,0.000001,0.004162,3,13.84,57,19,20200905,221320,1
SP348,EGBCHRG1,CORPK008,0.001068,0.000526,0.00054,0.000462,0,6,13.83,36,6,20200905,221320,1
SP349,EGICLCN2,CORPK008,0.000627,0.00051,0.000114,0.000064,0.000013,1.14,13.39,91,80,20200905,221320,1
SP350,EGITOKN3,CORPK008,0.000597,0.000512,0.000082,0.000018,0.000064,4,13.38,32,8,20200905,221320,1
SP351,EGSMSAU4,CORPK005,0.000745,0.000508,0.000234,0.000056,0.00001,5,13.36,13970,2794,20200905,221320,1
SP352,EGAPANP1,CORPK002,0.003838,0.000508,0.003342,0.000091,0.003251,4,13.36,32540,8134,20200905,221320,1
SP353,EGSIDIM1,CORPK005,0.000539,0.000497,0.000034,0.000034,0,3,13.07,61308,20436,20200905,221320,1
SP354,EGKPTRN3,CORPK002,0.000667,0.000495,0.000166,0.000012,0,3,13.03,3723,1241,20200905,221320,1
SP355,EGKCRIN2,CORPK002,0.000622,0.000503,0.000119,0,0,7,13,21,3,20200905,221320,1
SP356,EGDCUST1,CORPK009,0.015727,0.000503,0.01525,0,0.01525,4,13,4,1,20200905,221320,1
SP357,EGHCAIM1,CORPK003,0.001142,0.000492,0.000654,0.000034,0.000173,4,12.94,1916,479,20200905,221320,1
SP358,EGFTCOM1,CORPK009,0.000581,0.000487,0.000083,0.000079,0,5.06,12.8,64629,12771,20200905,221320,1
SP359,EGDEXTC1,CORPK001,0.006688,0.000487,0.006224,0,0.006065,7,12.75,28,4,20200905,221320,1
SP360,EGFSCHI4,CORPK009,0.003674,0.000485,0.003196,0.000097,0.003051,4.84,12.74,295,61,20200905,221320,1
SP361,EGSECCO1,CORPK006,0.000701,0.000481,0.00008,0.000019,0.000048,3,12.62,7863,2621,20200905,221320,1
SP362,EGMCNCM1,CORPK007,0.00347,0.000479,0.003023,0.000148,0.002766,10.76,12.57,144659,13441,20200905,221320,1
SP363,EGIACIF1,CORPK011,0.000921,0.000478,0.000443,0.000106,0.000337,10.9,12.55,19888,1824,20200905,221320,1
SP364,EGACHSR1,CORPK002,0.002379,0.000478,0.00191,0.000054,0.001856,4.76,12.54,176,37,20200905,221320,1
SP365,EGIACBL1,CORPK011,0.000629,0.000476,0.000151,0.000064,0.000021,5,12.49,15125,3027,20200905,221320,1
SP366,EGACARI4,CORPK002,0.000587,0.000474,0.000106,0.000029,0,2.96,12.46,237,80,20200905,221320,1
SP367,EGFCNAD1,CORPK008,0.001845,0.000462,0.001388,0.000052,0.001224,3.91,12.27,43,11,20200905,221320,1
SP368,EGBGACC1,CORPK009,0.00186,0.000462,0.001404,0.000237,0.001079,2.9,12.19,61,21,20200905,221320,1
SP369,EGCTRNS2,CORPK007,0.00153,0.000444,0,0,0,2,12,2,1,20200905,221320,1
SP370,EGCTESG1,CORPK062,0.001399,0.000457,0.000944,0.000055,0.000097,4,12,200,50,20200905,221320,1
SP371,EGBBGBS1,CORPK006,0.000686,0.000476,0.000201,0.000001,0,3,12,3,1,20200905,221320,1
SP372,EGALIMT1,CORPK001,0.004616,0.000446,0.004186,0.000067,0.004118,4,11.7,40,10,20200905,221320,1
SP373,EGOMTHD1,CORPK009,0.000846,0.000446,0.000408,0.000035,0.000373,5,11.69,815,163,20200905,221320,1
SP374,EGBBURS1,CORPK009,0.001235,0.00044,0.000801,0.000074,0.000617,5.12,11.52,26075,5092,20200905,221320,1
SP375,EGSRDRC1,CORPK005,0.014566,0.00044,0.014173,0.000609,0.013439,2,11.5,4,2,20200905,221320,1
SP376,EGINTCI1,CORPK008,0.003908,0.000438,0.003491,0.000078,0.003411,4.96,11.46,100381,20250,20200905,221320,1
SP377,EGINTNM1,CORPK008,0.001967,0.000436,0.001537,0.000067,0.001404,3.98,11.41,398613,100045,20200905,221320,1
SP378,EGPARZI1,CORPK007,0.000814,0.000437,0.000395,0.000007,0.000326,3,11.4,30,10,20200905,221320,1
SP379,EGAFDEL1,CORPK002,0.000841,0.000431,0.000412,0.00001,0.000395,8.77,11.27,351,40,20200905,221320,1
SP380,EGDCSRV1,CORPK003,0.003463,0.00043,0.003051,0.000057,0.002994,3,11.25,36,12,20200905,221320,1
SP381,EGJBLKL1,CORPK014,0.0005,0.000429,0.000064,0.000064,0,2,11.23,2548,1274,20200905,221320,1
SP382,EGCVCIQ1,CORPK006,0.00469,0.000428,0.004284,0.000072,0.0041,5.15,11.2,85277,16544,20200905,221320,1
SP383,EGRRCBR1,CORPK002,0.00057,0.000425,0.000148,0.000082,0,1,11.15,54,54,20200905,221320,1
SP384,EGPSDTL1,CORPK006,0.000989,0.000424,0.000568,0.000018,0.000171,3.71,11.1,583,157,20200905,221320,1
SP385,EGBINLK3,CORPK009,0.000929,0.000423,0.000514,0.000073,0.000372,6.07,11.06,49548,8160,20200905,221320,1
SP386,EGCUNLC1,CORPK006,0.00938,0.000422,0.008976,0.000077,0.008771,3.89,11.04,109,28,20200905,221320,1
SP387,EGIRAND1,CORPK008,0.002163,0.000416,0.001774,0.000051,0.000683,3,10.85,98286,32762,20200905,221320,1
SP388,EGTACTP1,CORPK005,0.00319,0.000414,0.002781,0.00004,0.00268,1.99,10.82,153,77,20200905,221320,1
SP389,EGCSTES1,CORPK002,0.000583,0.000416,0.00017,0.000112,0,1,10.82,56,56,20200905,221320,1
SP390,EGBBCEL2,CORPK007,0.00046,0.000414,0.000036,0.000036,0,4,10.81,10264,2566,20200905,221320,1
SP391,EGAGORG1,CORPK008,0.001522,0.00041,0.001113,0.000038,0,1,10.7,110,110,20200905,221320,1
SP392,EGRQDTL1,CORPK006,0.000668,0.000401,0.000265,0.00004,0.000157,6,10.44,834,139,20200905,221320,1
SP393,EGSRVIF1,CORPK006,0.000564,0.000396,0.000165,0.000027,0,3,10.32,32790,10925,20200905,221320,1
SP394,EGSPINT1,CORPK006,0.000538,0.000394,0.000141,0,0,3,10.25,12,4,20200905,221320,1
SP395,EGAEXCO1,CORPK002,0.000893,0.000394,0.000499,0.000074,0.000424,4.64,10.25,41454,8933,20200905,221320,1
SP396,EGICICI1,CORPK008,0.001121,0.000393,0.000728,0.000075,0.000544,4,10.23,37520,9380,20200905,221320,1
SP397,EGSCDTD1,CORPK005,0.00309,0.000394,0.00272,0.000325,0.001451,2,10.14,14,7,20200905,221320,1
SP398,EGHBASI1,CORPK003,0.000552,0.00039,0.000159,0.000023,0,3,10.12,2874,958,20200905,221320,1
SP399,EGCOLST1,CORPK008,0.001197,0.000389,0.000625,0.000151,0.000474,4,10.11,188,47,20200905,221320,1
SP400,EGCACCD1,CORPK008,0.000478,0.000386,0.000086,0.000057,0.00003,4.35,10.04,6436,1481,20200905,221320,1
SP401,EGOTPRO1,CORPK006,0.002937,0.000389,0.002549,0.000001,0.002382,3,10,15,5,20200905,221320,1
SP402,EGPOSCT1,CORPK004,0.008703,0.000395,0.008345,0,0.008287,3.5,10,7,2,20200905,221320,1
SP403,EGHCINF1,CORPK003,0.000445,0.000377,0.00007,0,0,4,10,4,1,20200905,221320,1
SP404,EGFCHCN2,CORPK009,0.000441,0.000379,0.000057,0.000057,0,4,9.86,3836,959,20200905,221320,1
SP405,EGHCTYP1,CORPK003,0.000533,0.000378,0.000155,0.000016,0,4,9.77,88,22,20200905,221320,1
SP406,EGSINDL1,CORPK005,0.011094,0.000378,0.010745,0,0.008591,2,9.75,8,4,20200905,221320,1
SP407,EGKMANC1,CORPK001,0.000492,0.000369,0.000116,0.000062,0.000053,4,9.57,11812,2953,20200905,221320,1
SP408,EGMFORG1,CORPK007,0.000427,0.000367,0.000055,0.000055,0,4,9.53,2056,514,20200905,221320,1
SP409,EGPWREQ1,CORPK006,0.000516,0.000367,0.000148,0.000068,0.000016,5.01,9.51,93271,18605,20200905,221320,1
SP410,EGMTOKN1,CORPK007,0.000385,0.000364,0.000015,0.000015,0,4,9.41,136,34,20200905,221320,1
SP411,EGDBRUS1,CORPK003,0.000521,0.000359,0.00015,0.000011,0,3,9.27,78,26,20200905,221320,1
SP412,EGN14RC1,CORPK005,0.001076,0.000357,0.000726,0.000054,0.000564,3,9.26,117,39,20200905,221320,1
SP413,EGAPANI1,CORPK001,0.000416,0.000354,0.00006,0.000002,0.000058,3,9.18,51,17,20200905,221320,1
SP414,EGTGPAN1,CORPK005,0.004369,0.000352,0.00404,0.000006,0.003969,1,9.08,48,48,20200905,221320,1
SP415,EGSGCCT1,CORPK005,0.001283,0.000347,0.00096,0.000003,0.000846,2,8.92,26,13,20200905,221320,1
SP416,EGSMSPM1,CORPK006,0.000362,0.000343,0.000015,0.000015,0,3,8.87,37020,12340,20200905,221320,1
SP417,EGSSDTD1,CORPK005,0.000801,0.000347,0.000475,0.000123,0.000243,2,8.86,14,7,20200905,221320,1
SP418,EGANILS2,CORPK002,0.000746,0.000341,0.000399,0.000018,0.000381,1.78,8.81,178,100,20200905,221320,1
SP419,EGHTPEM1,CORPK003,0.001623,0.000336,0.001305,0.000002,0.001303,3,8.77,66,22,20200905,221320,1
SP420,EGFPCMP2,CORPK009,0.000359,0.000335,0.00002,0.00002,0,4,8.65,740,185,20200905,221320,1
SP421,EGTMAIL1,CORPK005,0.00048,0.000329,0.000163,0.000002,0.000087,3,8.6,15,5,20200905,221320,1
SP422,EGINAME1,CORPK008,0.000917,0.00033,0.000597,0.000046,0.000486,4.02,8.52,98122,24436,20200905,221320,1
SP423,EGFLSAM1,CORPK009,0.000375,0.00033,0.000041,0.000041,0,4,8.51,20228,5057,20200905,221320,1
SP424,EGFFRPT1,CORPK008,0.002927,0.000334,0.002613,0.000099,0.00238,2,8.46,26,13,20200905,221320,1
SP425,EGFPCMP1,CORPK009,0.000462,0.000327,0.000123,0.000123,0,4,8.41,128,32,20200905,221320,1
SP426,EGSHPMN2,CORPK034,0.007505,0.000324,0.007189,0.000085,0.006995,3,8.33,189,63,20200905,221320,1
SP427,EGNSHST1,CORPK002,0.000425,0.000315,0.000101,0.0001,0.000001,3,8.1,453,151,20200905,221320,1
SP428,EGICUST1,CORPK003,0.000656,0.000311,0.00035,0.000011,0.000301,2.77,8.03,413,149,20200905,221320,1
SP429,EGMETLA1,CORPK005,0.001335,0.000319,0.001025,0.000002,0.000921,2,8,16,8,20200905,221320,1
SP430,EGBBCAO1,CORPK007,0.000782,0.00031,0.000477,0.00002,0.000458,3,7.94,633,211,20200905,221320,1
SP431,EGIACIN1,CORPK008,0.003389,0.000311,0.003077,0.000005,0.003072,3,7.82,33,11,20200905,221320,1
SP432,EGPOSCT2,CORPK004,0.002166,0.000305,0.001872,0.000068,0.001704,3.03,7.82,567,187,20200905,221320,1
SP433,EGAGAWC2,CORPK003,0.000315,0.000302,0.000011,0.000011,0,3,7.76,2253,751,20200905,221320,1
SP434,EGWCPTR1,CORPK007,0.000389,0.0003,0.000084,0.000019,0,2,7.7,94,47,20200905,221320,1
SP435,EGCRDTP1,CORPK008,0.000315,0.000293,0.000019,0.000019,0,3,7.51,1695,565,20200905,221320,1
SP436,EGCHKAC1,CORPK006,0.000356,0.000291,0.000059,0.000059,0,4,7.45,4300,1075,20200905,221320,1
SP437,EGTINST2,CORPK005,0.000599,0.000279,0.000322,0.000037,0.000223,2,7.12,58942,29471,20200905,221320,1
SP438,EGFCUID1,CORPK009,0.000423,0.000278,0.000141,0.000026,0.000115,1,7.1,19082,19082,20200905,221320,1
SP439,EGIBRAN1,CORPK008,0.000298,0.000278,0.000017,0.000017,0,3,7.09,19794,6598,20200905,221320,1
SP440,EGKTSUG4,CORPK002,0.000492,0.000277,0.000215,0.000059,0.000156,1.68,7.09,11164,6636,20200905,221320,1
SP441,EGSMSIX1,CORPK006,0.000434,0.000277,0.000158,0.00005,0.000041,4,7.05,66268,16562,20200905,221320,1
SP442,EGGENRE1,CORPK062,0.000301,0.00028,0.000025,0.000025,0,2,7,2,1,20200905,221320,1
SP443,EGHCREP1,CORPK008,0.000293,0.000288,0,0,0,3,7,3,1,20200905,221320,1
SP444,EGSRJSF1,CORPK005,0.000425,0.000273,0.000157,0.000022,0,2,7,14,7,20200905,221320,1
SP445,EGSMSCM2,CORPK005,0.000321,0.000272,0.000043,0.000043,0,3,6.93,16809,5599,20200905,221320,1
SP446,EGDLAPA1,CORPK003,0.001964,0.000269,0.001698,0.000001,0.001697,1,6.89,18,18,20200905,221320,1
SP447,EGKPTRN1,CORPK002,0.000414,0.000257,0.000158,0.000015,0.00001,3.01,6.5,3288,1093,20200905,221320,1
SP448,EGJOBDU1,CORPK008,0.000279,0.000254,0.000022,0.000022,0,3,6.45,6879,2293,20200905,221320,1
SP449,EGJOBCD1,CORPK008,0.000276,0.000254,0.000019,0.000019,0,3,6.43,10251,3417,20200905,221320,1
SP450,EGJOBCU1,CORPK008,0.000269,0.000252,0.000015,0.000015,0,3,6.36,6861,2287,20200905,221320,1
SP451,EGTCMFE1,CORPK005,0.000295,0.000248,0.000042,0.000042,0,2.68,6.27,1278,477,20200905,221320,1
SP452,EGKISAC1,CORPK002,0.002794,0.000242,0.002558,0.000042,0.002517,2,6.07,194,97,20200905,221320,1
SP453,EGNGTOC1,CORPK002,0.000372,0.000255,0.000115,0,0,3,6,3,1,20200905,221320,1
SP454,EGDINQF1,CORPK003,0.000301,0.000236,0.000067,0.000003,0,1,5.93,15,15,20200905,221320,1
SP455,EGIALLS1,CORPK008,0.000376,0.000231,0.000146,0.000018,0.000007,3,5.82,51186,17062,20200905,221320,1
SP456,EGFVTAX1,CORPK009,0.000263,0.00023,0,0,0,3,5.67,9,3,20200905,221320,1
SP457,EGHISIM1,CORPK003,0.000254,0.000225,0.000024,0.000024,0,1,5.64,163,163,20200905,221320,1
SP458,EGDWUSR1,CORPK001,0.000701,0.000225,0.000485,0.000014,0.000381,2,5.56,90,45,20200905,221320,1
SP459,EGDPANI1,CORPK003,0.000738,0.00022,0.000523,0.000043,0.00048,2.23,5.48,160427,72067,20200905,221320,1
SP460,EGTINST1,CORPK005,0.000418,0.000216,0.000208,0.000023,0.000123,1,5.39,8766,8766,20200905,221320,1
SP461,EGFCHEK1,CORPK009,0.000272,0.000213,0.000057,0.000057,0,4,5.33,165724,41431,20200905,221320,1
SP462,EGNCOMM1,CORPK001,0.000287,0.000208,0.000079,0.000079,0,6.89,5.17,807937,117310,20200905,221320,1
SP463,EGSRQFS1,CORPK005,0.000324,0.000206,0.000114,0.000002,0.000023,1.42,5.13,34,24,20200905,221320,1
SP464,EGSTMIN1,CORPK036,0.000316,0.000206,0.000106,0.000005,0,2,5.11,70,35,20200905,221320,1
SP465,EGIDSRV3,CORPK008,0.001118,0.000205,0.000919,0.000007,0.000828,1.34,5.08,82,61,20200905,221320,1
SP466,EGACUSP1,CORPK001,0.000253,0.000197,0.000059,0,0,1,5,3,3,20200905,221320,1
SP467,EGAOPTN1,CORPK002,0.000426,0.000197,0.000232,0.000043,0.000125,1,4.96,145,145,20200905,221320,1
SP468,EGFVTAX2,CORPK009,0.000244,0.000192,0.000049,0.000049,0,3,4.76,116292,38762,20200905,221320,1
SP469,EGAACCP1,CORPK002,0.000245,0.000192,0.000048,0.000014,0.000031,2.97,4.72,1032,348,20200905,221320,1
SP470,EGTCTRP1,CORPK005,0.001899,0.000184,0.001716,0.000037,0.001565,2,4.53,38,19,20200905,221320,1
SP471,EGCREDT1,CORPK007,0.000494,0.000181,0.000321,0.000034,0.000207,1.38,4.44,542806,393868,20200905,221320,1
SP472,EGMOTPF1,CORPK007,0.000266,0.000181,0.000088,0.000025,0,1,4.44,16099,16099,20200905,221320,1
SP473,EGCTFEE1,CORPK007,0.000252,0.000179,0.000075,0.000013,0,1,4.4,1030,1030,20200905,221320,1
SP474,EGAECID1,CORPK002,0.000971,0.000179,0.000787,0,0.000787,1.41,4.35,76,54,20200905,221320,1
SP475,EGTVDCH1,CORPK045,0.000267,0.000169,0.0001,0,0,1,4,1,1,20200905,221320,1
SP476,EGDMBCD1,CORPK009,0.000164,0.000161,0.000017,0.000017,0,2,3.8,10,5,20200905,221320,1
SP477,EGMOBBL1,CORPK007,0.000332,0.000144,0.000192,0.000032,0.000072,1.06,3.44,419194,393868,20200905,221320,1
SP478,EGFVTAX3,CORPK009,0.000182,0.000137,0.000045,0.000045,0,3,3.24,363801,121267,20200905,221320,1
SP479,EGCSTAC1,CORPK008,0.000315,0.000134,0.000184,0.000044,0.000141,2,3.19,506,253,20200905,221320,1
SP480,EGCFMCT1,CORPK008,0.000168,0.000128,0.000039,0.000022,0.000017,1,3,9578,9578,20200905,221320,1
SP481,EGFGACC1,CORPK009,0.00025,0.000125,0.000124,0.000019,0.000105,1,2.95,5063,5063,20200905,221320,1
